TrialNo,TableDim,Distance,Bounces,Velocity,RunUpD,Start_x,Start_y,V_theta,Occl_x,Occl_y,Occl_theta,End_x,End_y,Sim_theta,Prebounces
1,1200x900,600,0,600,400,1132.51935804,418.638323827,3.05813412518,734.908134181,451.89963262,3.05813412518,136,502,6.19972677877,0
2,1200x900,600,0,600,400,1053.69042602,769.686737642,3.60465130428,696.708946039,591.458729323,3.60465130428,159,323,0.463058650693,0
3,1200x900,600,0,600,400,1175.3695139,60.1073789941,3.64203685482,825.299077857,154.630995959,2.64114845236,298,443,5.78274110595,1
4,1200x900,600,0,600,400,1045.48700433,881.490735723,5.5333875931,1041.82787064,609.575932169,3.89139036767,602,200,0.749797714081,1
5,1200x900,600,0,600,400,1179.38796213,279.004958631,2.8285077459,799.784165242,401.894980137,2.8285077459,228,587,5.97010039949,0
6,1200x900,600,0,600,400,895.58443565,69.0630900387,3.96655525575,624.829245826,247.552034494,2.31663005143,217,689,5.45822270502,1
7,1200x900,600,0,600,400,1102.00276217,119.378526448,0.564059771924,938.900075647,332.692494395,2.57753288167,431,654,5.71912553526,1
8,1200x900,600,0,600,400,1149.32310521,794.365543637,3.25721564614,752.98718623,748.334691726,3.25721564614,156,679,0.115622992552,0
9,1200x900,600,0,600,400,1187.18424899,104.300848757,3.9670999444,916.588733644,212.329960031,2.31608536278,509,654,5.45767801637,1
10,1200x900,600,0,600,400,1031.3802838,180.784617672,0.323846419592,969.759084934,307.752555221,2.817746234,400,499,5.95933888759,1
11,1200x900,600,0,600,400,1032.7710008,445.997183073,0.225919731951,957.72768655,535.374307027,2.91567292164,372,670,6.05726557523,1
12,1200x900,600,0,600,400,1122.43519077,789.806555726,5.81215284348,900.551234883,608.737739991,3.61262511729,365,336,0.471032463701,1
13,1200x900,600,0,600,400,974.748762586,833.746233663,2.31685379399,703.928006314,652.356705698,3.96633151319,296,211,0.8247388596,1
14,1200x900,600,0,600,400,1145.15981363,774.809998721,5.69985089213,900.613029071,555.036809231,3.72492706864,399,224,0.58333441505,1
15,1200x900,600,0,600,400,1053.0579604,873.867741708,5.73414627192,985.668873822,665.642512767,3.69063168884,473,352,0.549039035255,1
16,1200x900,600,0,600,400,1182.05066257,798.882762289,2.65739916256,828.915448204,793.762320483,3.62578614462,297,514,0.484193491034,1
17,1200x900,600,0,600,400,1022.58736953,198.58981055,0.30197894952,975.804629363,317.256476141,2.83961370407,402,496,5.98120635766,1
18,1200x900,600,0,600,400,1003.32204808,534.650329547,6.06480331383,986.72581051,448.206848058,3.35997464694,400,318,0.218381993347,1
19,1200x900,600,0,600,400,1170.68334385,219.807570729,2.65661066032,817.694689655,405.818350008,2.65661066032,286,686,5.79820331391,0
20,1200x900,600,0,600,400,1043.30483263,21.9980162505,3.7163857007,708.42220441,218.259675433,2.56679960648,204,545,5.70839226007,1
21,1200x900,600,0,600,400,1091.51972037,608.100765247,6.05613885278,899.575629,518.285559913,3.36863910799,314,383,0.2270464544,1
22,1200x900,600,0,600,400,984.084623138,510.350906105,0.0807367781151,997.042276371,542.529894569,3.06085587547,398,591,6.20244852906,1
23,1200x900,600,0,600,400,1095.08242761,678.385659332,6.06609856585,894.893968977,592.446781258,3.35867939492,308,463,0.21708674133,1
24,1200x900,600,0,600,400,1074.64865688,51.1896067947,0.508434529194,954.978106752,245.426953684,2.6331581244,430,538,5.77475077799,1
25,1200x900,600,0,600,400,1116.21369207,445.902480103,6.24026965495,863.446638099,428.784390542,3.18450830582,263,403,0.0429156522302,1
26,1200x900,600,0,600,400,962.638385883,261.226540214,2.67396101667,606.475669916,441.085150668,2.67396101667,70,712,5.81555367026,0
27,1200x900,600,0,600,400,1173.43970035,870.050834663,2.49882473715,854.064259908,669.247384223,3.78436057003,373,309,0.642767916437,1
28,1200x900,600,0,600,400,1060.98937479,223.055235292,0.188051156228,926.404626353,297.64619641,2.95354149736,336,410,6.09513415095,1
29,1200x900,600,0,600,400,997.053228099,612.568986437,6.20353211912,984.094446397,580.820960849,3.22124584165,385,533,0.079653188061,1
30,1200x900,600,0,600,400,1072.4945072,613.423417846,3.40505338082,687.262198828,509.514474125,3.40505338082,107,353,0.263460727225,0
31,1200x900,600,0,600,400,1014.99997527,338.275828544,6.28290947863,965.999977138,338.165772955,3.14186848214,365,338,0.00027582854702,1
32,1200x900,600,0,600,400,880.176590545,146.283145735,3.89673120199,589.634130918,151.080872675,2.38645410519,152,563,5.52804675878,1
33,1200x900,600,0,600,400,1181.67857136,507.442153018,0.0255606302133,798.803680271,517.639733964,3.11603202338,198,533,6.25762467697,1
34,1200x900,600,0,600,400,1033.23080588,73.3480607071,0.169461857244,953.391076738,140.640184485,2.97213079635,361,242,6.11372344994,1
35,1200x900,600,0,600,400,1015.06689436,608.563359407,6.22959630214,966.137236173,587.191579004,3.19518165863,366,555,0.0535890050433,1
36,1200x900,600,0,600,400,1069.45311779,14.924664435,3.48547421011,693.813323793,143.376500331,2.79771109707,128,346,5.93930375066,1
37,1200x900,600,0,600,400,1146.48842333,177.398904006,0.227559994609,843.506077213,267.413741308,2.91403265898,258,403,6.05562531257,1
38,1200x900,600,0,600,400,829.170198779,100.632081154,3.92406842951,546.211289466,204.272567879,2.35911687767,120,628,5.50070953126,1
39,1200x900,600,0,600,400,1170.0100816,888.965432212,3.42535075487,786.966059039,777.259224759,3.42535075487,210,609,0.283758101285,0
40,1200x900,600,0,600,400,1140.68178079,581.051923469,3.2096972123,742.606750252,553.899206005,3.2096972123,143,513,0.0681045587061,0
41,1200x900,600,0,600,400,1011.79457765,369.311366789,0.0827831536736,968.941834111,402.30413144,3.05880949992,370,452,6.20040215351,1
42,1200x900,600,0,600,400,1127.18454314,31.3014375573,2.67740276152,770.404910426,209.933163972,2.67740276152,233,479,5.81899541511,0
43,1200x900,600,0,600,400,1135.28861303,90.8882425882,3.68046361678,792.83145643,137.586465022,2.6027216904,277,446,5.74431434399,1
44,1200x900,600,0,600,400,1102.29082869,320.288085672,0.235893582599,889.355839078,413.539139489,2.90569907099,305,554,6.04729172458,1
45,1200x900,600,0,600,400,1087.90130484,82.4847331483,0.637906898843,969.809738243,320.095324622,2.50368575475,487,678,5.64527840834,1
46,1200x900,600,0,600,400,1186.77672006,376.194455626,6.26198926446,793.86499875,367.737867831,3.16278869631,193,355,0.0211960427228,1
47,1200x900,600,0,600,400,1131.97455245,169.519443437,0.335753359049,870.441578617,300.982185505,2.80583929454,303,499,5.94743194813,1
48,1200x900,600,0,600,400,1118.14598955,297.478885422,0.354926145182,886.540966649,436.139810139,2.78666650841,323,645,5.928259162,1
49,1200x900,600,0,600,400,1105.976503,457.703619437,3.21937468008,708.182878301,426.699875281,3.21937468008,109,380,0.0777820264905,0
50,1200x900,600,0,600,400,946.895108775,92.3073215831,2.62985541097,599.008960373,287.694700271,2.62985541097,75,582,5.77144806456,0
51,1200x900,600,0,600,400,1109.50628776,104.002617618,0.0770736671487,871.215808264,134.724573189,3.06451898644,272,181,6.20611164003,1
52,1200x900,600,0,600,400,1154.98087252,366.274065755,3.32082479283,762.372504383,295.142713519,3.32082479283,171,188,0.17923213924,0
53,1200x900,600,0,600,400,1070.78504733,637.495584338,3.60667408414,714.164813445,458.545846187,3.60667408414,177,189,0.465081430547,0
54,1200x900,600,0,600,400,1038.81594428,64.4449148128,0.52308510837,994.635556004,263.767393803,2.61850754522,474,564,5.76010019881,1
55,1200x900,600,0,600,400,1171.72637141,222.657856736,0.0824354780781,809.959075952,255.512371898,3.05915717551,211,305,6.2007498291,1
56,1200x900,600,0,600,400,1101.28479128,793.07301552,3.44845916313,720.924159562,672.545882328,3.44845916313,148,491,0.306866509537,0
57,1200x900,600,0,600,400,1031.62589799,621.075832341,6.16986711041,951.145402772,575.958575237,3.25491085036,354,508,0.113318196765,1
58,1200x900,600,0,600,400,1083.83534863,50.2573310594,3.89284397273,792.232044527,244.785164748,2.39034133445,353,655,5.53193398804,1
59,1200x900,600,0,600,400,988.700908528,723.62365845,6.25155637545,991.699408069,711.005818728,3.17322158532,391,692,0.031628931727,1
60,1200x900,600,0,600,400,1172.05558897,751.793320853,5.71418122051,871.305228569,536.814785832,3.71059674026,365,213,0.569004086669,1
61,1200x900,600,0,600,400,895.989894638,133.937366744,4.03855074868,647.017926677,200.359121593,2.2446345585,272,670,5.38622721209,1
62,1200x900,600,0,600,400,1034.86116237,366.059597193,6.26312436445,945.879070408,358.055817913,3.16165359631,345,346,0.0200609427246,1
63,1200x900,600,0,600,400,1068.42007164,227.109700072,6.24406563008,911.540188728,211.504929743,3.18071233069,311,188,0.0391196771022,1
64,1200x900,600,0,600,400,1042.45399123,678.9210061,3.48842555434,667.212848727,543.292524666,3.48842555434,102,339,0.346832900755,0
65,1200x900,600,0,600,400,1128.55270211,105.50660896,3.95565189755,854.618173965,208.024894858,2.32753340963,442,645,5.46912606322,1
66,1200x900,600,0,600,400,1146.62418127,802.156816011,3.2711112801,750.966132943,750.623246422,3.2711112801,155,673,0.129518626511,0
67,1200x900,600,0,600,400,1118.20771359,547.204461627,6.04163886293,872.552501019,451.761881438,3.38313909784,289,308,0.241546444254,1
68,1200x900,600,0,600,400,1118.81289978,66.5986814077,2.83647927553,738.241552768,186.458807526,2.83647927553,165,367,5.97807192912,0
69,1200x900,600,0,600,400,1114.57912216,877.769083435,3.79736186357,798.340052419,634.471219144,3.79736186357,322,268,0.655769209979,0
70,1200x900,600,0,600,400,1070.6165979,734.718315819,6.25146167057,909.697605431,722.062707807,3.1733162902,309,703,0.0317236366054,1
71,1200x900,600,0,600,400,995.019791517,878.708556445,3.82405859166,685.387894702,627.055842424,3.82405859166,219,248,0.682465938067,0
72,1200x900,600,0,600,400,1156.39978649,480.450319694,3.08501279011,758.038271679,503.013642136,3.08501279011,158,537,6.2266054437,0
73,1200x900,600,1,600,400,467.824124046,186.410201871,1.95392498556,318.668298552,556.482545773,1.95392498556,94,665,1.18766766803,0
74,1200x900,600,1,600,400,390.944944603,627.128564043,4.43281630094,280.842911707,243.620360282,4.43281630094,115,358,4.99196165983,0
75,1200x900,600,1,600,400,744.990412116,544.797062469,0.0132033211449,1143.95563425,550.065034544,0.0132033211449,635,558,6.26998198603,0
76,1200x900,600,1,600,400,1074.7856659,261.486720254,2.01283787016,904.099185208,622.13492184,2.01283787016,647,614,1.12875478343,0
77,1200x900,600,1,600,400,653.25970769,849.682471241,5.95250931531,1030.64311539,720.134165216,5.95250931531,780,525,0.33067599187,0
78,1200x900,600,1,600,400,1136.32555923,126.488096392,1.8248458561,1036.04666109,512.681237954,1.8248458561,885,684,1.31674679749,0
79,1200x900,600,1,600,400,821.808314269,853.358046744,5.68352988595,1151.19483603,628.179186093,5.68352988595,731,289,0.599655421225,0
80,1200x900,600,1,600,400,1151.51659349,563.866221594,0.913068448753,983.403507634,879.628145278,2.22852420484,616,423,0.913068448753,1
81,1200x900,600,1,600,400,684.014785562,274.626024113,6.23353889111,1082.52316561,254.825240492,6.23353889111,696,225,0.0496464160715,0
82,1200x900,600,1,600,400,928.434517244,382.235188925,3.75021838519,601.081144864,154.110728178,3.75021838519,108,213,5.67455957558,0
83,1200x900,600,1,600,400,889.341283713,143.069491257,5.52502084695,1179.05491705,154.758518197,0.758164460227,763,568,5.52502084695,1
84,1200x900,600,1,600,400,692.531344114,675.644435648,4.1317822489,473.667337813,342.028568601,4.1317822489,144,184,5.29299571187,0
85,1200x900,600,1,600,400,688.322353767,464.988579826,1.82794328027,586.847734614,850.869263027,1.82794328027,434,347,1.31364937332,0
86,1200x900,600,1,600,400,821.75137836,888.752507188,0.525627641609,1166.8900448,689.555367555,5.75755766557,692,388,0.525627641609,1
87,1200x900,600,1,600,400,982.026616874,514.203017602,2.42041187341,682.366996741,777.651517431,2.42041187341,231,604,0.721180780175,0
88,1200x900,600,1,600,400,779.157352247,420.355632444,2.20577128316,542.487568701,741.585166509,2.20577128316,186,554,0.935821370431,0
89,1200x900,600,1,600,400,553.666131788,75.7385953214,5.85167394862,916.091665329,114.635296525,0.431511358556,917,366,5.85167394862,1
90,1200x900,600,1,600,400,801.890900617,518.633958869,4.46807482883,705.376431271,131.482880855,4.46807482883,560,474,4.95670313194,0
91,1200x900,600,1,600,400,1068.85378957,698.423570984,0.466938994242,953.6631884,878.035444816,2.67465365935,417,630,0.466938994242,1
92,1200x900,600,1,600,400,954.032870068,229.300162665,1.90713472285,822.349754911,605.943969441,1.90713472285,624,605,1.23445793074,0
93,1200x900,600,1,600,400,864.696951813,551.00823179,2.38284317068,575.143868039,825.526012047,2.38284317068,139,540,0.758749482907,0
94,1200x900,600,1,600,400,678.456313248,717.005767183,6.04596080574,1066.28190967,623.238466077,6.04596080574,729,482,0.237224501443,0
95,1200x900,600,1,600,400,794.120559911,804.07923443,0.581634251652,1127.5113637,755.18350709,5.70155105553,749,425,0.581634251652,1
96,1200x900,600,1,600,400,886.911356983,429.48650096,2.04194640285,705.800725547,785.014192119,2.04194640285,433,458,1.09964625074,0
97,1200x900,600,1,600,400,1111.01371598,274.148852072,1.03881105046,1064.85439784,618.007749323,2.10278160313,760,643,1.03881105046,1
98,1200x900,600,1,600,400,754.996419435,537.421917504,6.27576332153,1153.98542985,534.46057242,6.27576332153,625,530,0.00742198564496,0
99,1200x900,600,1,600,400,571.813026088,324.758030724,0.0823349631696,969.461370216,357.572576465,0.0823349631696,811,407,6.20085034401,0
100,1200x900,600,1,600,400,846.196006274,431.926897891,4.30828398012,689.31079977,65.0644822898,4.30828398012,453,511,5.11649398065,0
101,1200x900,600,1,600,400,986.942282775,228.160498421,2.0330230692,809.011311948,585.290124216,2.0330230692,541,656,1.10856958439,0
102,1200x900,600,1,600,400,600.249412144,206.734282078,0.407446015269,966.585625364,364.844303529,0.407446015269,861,603,5.87573929191,0
103,1200x900,600,1,600,400,1067.21729241,324.968651206,5.61306357251,999.031384794,77.1571723237,3.81171438826,528,320,5.61306357251,1
104,1200x900,600,1,600,400,829.171590396,269.668534698,1.96185955603,677.084125828,638.545754273,1.96185955603,448,584,1.17973309756,0
105,1200x900,600,1,600,400,770.587686736,368.228962994,1.81685957755,673.396199729,755.210635497,1.81685957755,527,440,1.32473307604,0
106,1200x900,600,1,600,400,918.617040175,117.653387006,5.42910870763,1180.72612557,205.867250126,0.854076599548,803,659,5.42910870763,1
107,1200x900,600,1,600,400,681.231839915,105.446460886,0.609617056367,1008.35890606,333.895322993,0.609617056367,878,678,5.67356825081,0
108,1200x900,600,1,600,400,553.206947865,145.918158558,0.0932167819623,950.474673771,183.057813293,0.0932167819623,830,239,6.18996852522,0
109,1200x900,600,1,600,400,706.699710358,781.831438345,6.08913837886,1098.2112374,704.891694445,6.08913837886,691,589,0.194046928315,0
110,1200x900,600,1,600,400,1142.85897645,340.417285411,1.09311303682,1052.29353991,694.754163042,2.04847961677,776,550,1.09311303682,1
111,1200x900,600,1,600,400,644.2320613,54.9455441745,5.6602800287,968.29465645,201.378253579,0.622905278478,922,552,5.6602800287,1
112,1200x900,600,1,600,400,1186.38090798,396.80719251,4.18256564252,984.733925693,52.511542615,4.18256564252,681,490,5.24221231825,0
113,1200x900,600,1,600,400,579.276087789,226.57165567,0.444967277431,939.423363278,398.312565057,0.444967277431,897,657,5.83821802975,0
114,1200x900,600,1,600,400,441.049836498,115.388772636,1.83179945611,338.087951735,500.875283796,1.83179945611,183,697,1.30979319748,0
115,1200x900,600,1,600,400,803.135902347,681.850142608,4.45129676707,700.139677311,296.372805235,4.45129676707,545,307,4.9734811937,0
116,1200x900,600,1,600,400,1089.04307951,680.944156409,4.38450223337,960.547890786,303.200875232,4.38450223337,767,289,5.0402757274,0
117,1200x900,600,1,600,400,1004.98030916,522.906803326,4.4140004696,887.682165805,141.538024366,4.4140004696,711,456,5.01077749117,0
118,1200x900,600,1,600,400,743.34853158,358.105849687,2.15717530961,522.562467479,690.452827857,2.15717530961,190,588,0.984417343975,0
119,1200x900,600,1,600,400,905.682590467,540.044978731,2.40042776928,611.347236871,809.428904798,2.40042776928,168,563,0.741164884305,0
120,1200x900,600,1,600,400,695.962048868,767.295900583,6.17065204168,1092.4382986,722.48983625,6.17065204168,690,655,0.112533265495,0
121,1200x900,600,1,600,400,503.454949198,230.158390918,0.134244462028,898.865041047,283.561192942,0.134244462028,884,364,6.14894084515,0
122,1200x900,600,1,600,400,604.200611138,424.095160827,0.288907151501,986.664377607,537.772191657,0.288907151501,817,709,5.99427815568,0
123,1200x900,600,1,600,400,1178.95694696,557.369172235,5.16588406218,1024.30411439,198.699547367,4.25889389859,761,365,5.16588406218,1
124,1200x900,600,1,600,400,821.961744891,435.358734031,4.21519431237,631.65400868,84.6680362104,4.21519431237,345,467,5.2095836484,0
125,1200x900,600,1,600,400,634.69893142,421.39052126,0.109830152946,1031.29484835,465.124703277,0.109830152946,750,531,6.17335515423,0
126,1200x900,600,1,600,400,539.876605874,218.520204967,0.135897706309,935.197869516,272.576643185,0.135897706309,849,354,6.14728760087,0
127,1200x900,600,1,600,400,959.08610094,327.786655239,2.27849406953,699.701746665,630.971016242,2.27849406953,309,691,0.86309858406,0
128,1200x900,600,1,600,400,1136.01329004,578.361372701,5.33372762048,1010.8566021,253.934500346,4.09105034029,661,258,5.33372762048,1
129,1200x900,600,1,600,400,1171.83035003,478.249412432,5.06738782065,1067.90115597,104.128302552,4.35739014012,859,482,5.06738782065,1
130,1200x900,600,1,600,400,643.573893154,319.936075215,0.108275362821,1040.23732817,363.053581204,0.108275362821,741,428,6.17490994436,0
131,1200x900,600,1,600,400,870.316315434,470.473956631,1.9169863248,734.929105576,845.802217499,1.9169863248,531,367,1.22460632879,0
132,1200x900,600,1,600,400,650.914431813,786.107705414,4.38885999606,524.066573519,407.808061155,4.38885999606,333,185,5.03591796471,0
133,1200x900,600,1,600,400,718.297659163,300.517861468,1.95335743308,569.351893157,670.674799521,1.95335743308,345,551,1.18823522051,0
134,1200x900,600,1,600,400,581.246253677,794.489718959,4.42729644404,469.02899846,411.595102085,4.42729644404,300,188,4.99748151673,0
135,1200x900,600,1,600,400,637.039976275,749.643831539,6.10154429458,1029.47585907,677.566942755,6.10154429458,759,569,0.181641012598,0
136,1200x900,600,1,600,400,751.393858045,690.48932636,4.20328637059,556.923708685,342.08961194,4.20328637059,264,205,5.22149159018,0
137,1200x900,600,1,600,400,595.997427197,475.726504691,0.101447414786,992.946017652,516.134629319,0.101447414786,789,577,6.18173789239,0
138,1200x900,600,1,600,400,1100.05781803,297.112799293,1.12187243743,1104.83177735,656.577745414,2.01972021616,844,580,1.12187243743,1
139,1200x900,600,1,600,400,1126.00101818,726.439790191,2.77624894143,753.334611925,868.990657079,2.77624894143,192,695,0.365343712157,0
140,1200x900,600,1,600,400,680.002767906,539.636448061,6.26654809161,1078.94754819,532.998505285,6.26654809161,700,523,0.0166372155726,0
141,1200x900,600,1,600,400,804.708693282,153.279372972,0.443076182973,1165.18010287,324.338903156,0.443076182973,671,582,5.84010912421,0
142,1200x900,600,1,600,400,845.755166085,475.657316088,2.16488663898,622.412854817,806.291875682,2.16488663898,286,474,0.976706014609,0
143,1200x900,600,1,600,400,1066.1969497,290.619602706,5.69886383446,980.286032345,70.5178127191,3.72591412631,479,284,5.69886383446,1
144,1200x900,600,1,600,400,690.847313347,126.855284181,0.24663762072,1077.77309815,224.269025793,0.24663762072,718,371,6.03654768646,0
145,1200x900,600,2,600,400,765.354697233,355.507074489,0.916263056876,1008.26152326,672.046604197,0.916263056876,1004,630,0.916263056876,0
146,1200x900,600,2,600,400,919.419243863,414.331928311,5.20183865207,1107.00520129,62.1778305395,5.20183865207,989,492,5.20183865207,0
147,1200x900,600,2,600,400,860.067614403,421.267008711,5.32742584382,1090.28607816,95.3828898189,5.32742584382,942,418,5.32742584382,0
148,1200x900,600,2,600,400,937.929044504,539.796043055,5.27483781171,1150.69954032,202.261280236,5.27483781171,907,330,5.27483781171,0
149,1200x900,600,2,600,400,812.999573418,471.878376056,5.45395336977,1082.50106645,177.650666192,5.45395336977,890,289,5.45395336977,0
150,1200x900,600,2,600,400,814.222172278,422.433533088,5.44332001198,1080.57985987,125.356805184,5.44332001198,897,345,5.44332001198,0
151,1200x900,600,2,600,400,893.744913944,345.446477573,0.853367941065,1156.06712058,646.092548403,0.853367941065,828,680,0.853367941065,0
152,1200x900,600,2,600,400,980.388147589,529.230315948,5.1532673216,1150.65500614,168.38381551,5.1532673216,971,399,5.1532673216,0
153,1200x900,600,2,600,400,917.56577502,271.258178328,1.13346262021,1086.5524976,632.705944392,1.13346262021,1037,601,1.13346262021,0
154,1200x900,600,2,600,400,977.751403008,457.552933428,5.1897001583,1161.04902551,103.147824006,5.1897001583,941,454,5.1897001583,0
155,1200x900,600,2,600,400,713.621806586,442.413087528,5.52425296919,1003.12468855,167.842365608,5.52425296919,940,269,5.52425296919,0
156,1200x900,600,2,600,400,540.916941632,205.328158962,5.89495320181,910.223260758,54.2856396065,5.89495320181,913,197,5.89495320181,0
157,1200x900,600,2,600,400,798.433436963,526.20039318,5.31117963593,1023.32737129,196.619267656,5.31117963593,1016,323,5.31117963593,0
158,1200x900,600,2,600,400,976.941682991,610.279592869,5.19343129365,1161.56035998,256.560856998,5.19343129365,939,300,5.19343129365,0
159,1200x900,600,2,600,400,1023.9104065,646.361471484,5.08346481832,1168.59509049,274.518302638,5.08346481832,992,309,5.08346481832,0
160,1200x900,600,2,600,400,915.744190897,372.261226059,0.928087725504,1154.89114735,691.650852095,0.928087725504,863,606,0.928087725504,0
161,1200x900,600,2,600,400,903.60775925,382.499536972,1.00481299011,1117.56994197,719.280154537,1.00481299011,939,553,1.00481299011,0
162,1200x900,600,2,600,400,894.700393728,517.002654718,5.40004505302,1147.95674231,208.681033833,5.40004505302,849,279,5.40004505302,0
163,1200x900,600,2,600,400,969.875542747,182.231885735,1.19985015105,1114.51201153,554.093811588,1.19985015105,1046,665,1.19985015105,0
164,1200x900,600,2,600,400,1049.33183174,715.626998371,4.99412958105,1160.26502083,332.358388178,4.99412958105,1051,268,4.99412958105,0
165,1200x900,600,2,600,400,655.844580302,639.493912822,0.625588897185,979.281328592,873.138236219,0.625588897185,912,554,0.625588897185,0
166,1200x900,600,2,600,400,829.321765793,505.564500189,5.42486326706,1090.15132901,203.622553864,5.42486326706,896,274,5.42486326706,0
167,1200x900,600,2,600,400,693.710855419,467.036700573,5.52863692455,984.41465733,193.737780789,5.52863692455,956,241,5.52863692455,0
168,1200x900,600,2,600,400,897.292867141,461.807193386,5.21318688727,1088.86298756,111.804494879,5.21318688727,1001,439,5.21318688727,0
169,1200x900,600,2,600,400,696.373695839,385.10102457,5.57378762147,999.116680373,125.201649205,5.57378762147,924,290,5.57378762147,0
170,1200x900,600,2,600,400,921.303840988,443.154067694,5.1916092308,1105.27771411,89.099532335,5.1916092308,996,468,5.1916092308,0
171,1200x900,600,2,600,400,927.436558419,663.799280433,5.28550370696,1143.79499398,328.553061424,5.28550370696,909,200,5.28550370696,0
172,1200x900,600,2,600,400,919.656159496,417.209008226,5.29100830982,1137.85670515,83.1588295422,5.29100830982,912,444,5.29100830982,0
173,1200x900,600,2,600,400,933.080328825,217.573928817,1.05028665931,1131.51195545,563.732692324,1.05028665931,948,693,1.05028665931,0
174,1200x900,600,2,600,400,961.999851751,475.163355448,5.14429921099,1129.02379537,112.804414263,5.14429921099,998,457,5.14429921099,0
175,1200x900,600,2,600,400,938.050968268,501.228983287,5.1377067236,1102.68245295,137.776821029,5.1377067236,1028,432,5.1377067236,0
176,1200x900,600,2,600,400,833.156910178,600.449811949,5.25038738719,1037.61176361,257.814126552,5.25038738719,1033,281,5.25038738719,0
177,1200x900,600,2,600,400,987.671227523,664.391825506,5.21182647717,1178.76502361,314.128837029,5.21182647717,912,236,5.21182647717,0
178,1200x900,600,2,600,400,966.957721701,339.07365328,1.1915597562,1114.67206691,709.723720352,1.1915597562,1041,510,1.1915597562,0
179,1200x900,600,2,600,400,743.599240411,490.839733112,0.756217026861,1033.84659915,764.62335341,0.756217026861,908,602,0.756217026861,0
180,1200x900,600,2,600,400,902.764064664,589.888937712,5.29066608461,1120.85027715,255.764104866,5.29066608461,929,270,5.29066608461,0
181,1200x900,600,2,600,400,856.596620156,663.374060064,5.24105921315,1057.8464594,318.846118955,5.24105921315,1018,223,5.24105921315,0
182,1200x900,600,2,600,400,949.836543873,503.679395478,5.23044533414,1147.41833815,157.034859146,5.23044533414,933,389,5.23044533414,0
183,1200x900,600,2,600,400,821.188207968,511.145155329,5.39372600485,1072.49121404,201.229361706,5.39372600485,927,289,5.39372600485,0
184,1200x900,600,2,600,400,1056.82025019,371.370641766,1.31347215071,1158.36325453,757.233335311,1.31347215071,1067,441,1.31347215071,0
185,1200x900,600,2,600,400,730.522030173,481.721242253,5.54769828542,1026.38215606,214.012845091,5.54769828542,907,212,5.54769828542,0
186,1200x900,600,2,600,400,911.492138399,709.001043349,5.2014797109,1098.95168114,356.779635942,5.2014797109,997,197,5.2014797109,0
187,1200x900,600,2,600,400,662.810205555,627.745654865,0.537000682739,1005.64970991,831.858550723,0.537000682739,857,639,0.537000682739,0
188,1200x900,600,2,600,400,762.606291616,527.494691466,5.50986055833,1048.12759185,248.785905972,5.50986055833,900,195,5.50986055833,0
189,1200x900,600,2,600,400,758.301563088,300.009676662,5.54419233419,1053.2213,31.265655746,5.54419233419,881,397,5.54419233419,0
190,1200x900,600,2,600,400,919.143638887,662.030559552,5.21548054072,1111.51603959,312.468176781,5.21548054072,977,238,5.21548054072,0
191,1200x900,600,2,600,400,731.63021999,355.234490185,5.46785000272,1005.19433375,64.7802327506,5.46785000272,962,396,5.46785000272,0
192,1200x900,600,2,600,400,1051.38667484,493.674157255,1.30489646945,1156.23494026,878.651872505,1.30489646945,1064,320,1.30489646945,0
193,1200x900,600,2,600,400,967.377977504,346.672704349,1.00432838793,1181.50333971,683.349595834,1.00432838793,874,588,1.00432838793,0
194,1200x900,600,2,600,400,726.730746482,441.656439405,5.56905983849,1028.24160431,180.328670862,5.56905983849,896,236,5.56905983849,0
195,1200x900,600,2,600,400,961.938759463,653.859894524,5.20704890507,1151.35697436,302.687942535,5.20704890507,942,249,5.20704890507,0
196,1200x900,600,2,600,400,821.393948487,476.899984229,5.26720033186,1031.58034888,137.750051172,5.26720033186,1030,397,5.26720033186,0
197,1200x900,600,2,600,400,536.201873717,151.520673152,5.93651137503,911.464572145,15.9518449931,5.93651137503,903,212,5.93651137503,0
198,1200x900,600,2,600,400,687.026805877,579.667508256,0.773771374734,972.423599083,858.503787151,0.773771374734,976,500,0.773771374734,0
199,1200x900,600,2,600,400,923.407354403,442.188756414,5.19428919506,1108.32941922,88.6285353154,5.19428919506,992,467,5.19428919506,0
200,1200x900,600,2,600,400,878.907301593,518.967107319,5.35975814315,1119.54019041,200.695505038,5.35975814315,897,302,5.35975814315,0
201,1200x900,600,2,600,400,771.196716269,359.849072968,5.35912625062,1011.62844361,41.4254801124,5.35912625062,1005,462,5.35912625062,0
202,1200x900,600,2,600,400,789.044299291,345.805317144,5.38506777435,1037.65459712,33.725327695,5.38506777435,966,460,5.38506777435,0
203,1200x900,600,2,600,400,823.143961049,389.053913273,0.905228855855,1069.52868977,702.893944905,0.905228855855,938,603,0.905228855855,0
204,1200x900,600,2,600,400,908.775192276,499.264690505,5.14234926745,1075.09223933,136.580751161,5.14234926745,1053,432,5.14234926745,0
205,1200x900,600,2,600,400,884.879989874,392.961721843,1.07851344233,1073.46292057,744.582936007,1.07851344233,1021,504,1.07851344233,0
206,1200x900,600,2,600,400,733.669211247,542.074210316,5.44708726328,1001.14416878,246.003024465,5.44708726328,975,223,5.44708726328,0
207,1200x900,600,2,600,400,715.890140322,353.65744705,5.68270907329,1045.09172148,128.208297655,5.68270907329,838,235,5.68270907329,0
208,1200x900,600,2,600,400,943.062291801,507.120191531,1.0591446948,1138.41988702,855.023065893,1.0591446948,946,399,1.0591446948,0
209,1200x900,600,2,600,400,754.198012869,414.708092683,0.81313347556,1028.40099357,704.559305165,0.81313347556,937,637,0.81313347556,0
210,1200x900,600,2,600,400,902.92629674,504.46460785,0.875238057927,1158.61113069,810.775341723,0.875238057927,835,506,0.875238057927,0
211,1200x900,600,2,600,400,826.50753148,441.637235802,5.31352066289,1052.17240715,112.583495681,5.31352066289,986,407,5.31352066289,0
212,1200x900,600,2,600,400,611.243683344,193.953586148,5.89722342597,980.891950867,43.7498634338,5.89722342597,841,206,5.89722342597,0
213,1200x900,600,2,600,400,925.522996877,523.188595693,5.39553708685,1177.38687342,213.728440438,5.39553708685,822,275,5.39553708685,0
214,1200x900,600,2,600,400,1072.51594974,683.522768497,4.97537006083,1176.24010608,298.240664848,4.97537006083,1046,305,4.97537006083,0
215,1200x900,600,2,600,400,604.952787301,632.304672082,0.582449000918,938.164881968,851.782916944,0.582449000918,939,596,0.582449000918,0
216,1200x900,600,2,600,400,941.662202713,649.345362541,5.13278338527,1104.50230139,285.087071953,5.13278338527,1029,286,5.13278338527,0
217,1200x900,800,0,600,400,1149.42796044,212.425444938,0.305194608122,848.41231141,332.496771773,2.83639804547,85,573,5.97799069906,1
218,1200x900,800,0,600,400,1104.0955367,669.157799235,6.05439638996,885.543001146,578.52925209,3.37038157081,106,397,0.22878891722,1
219,1200x900,800,0,600,400,1005.65202426,761.956574801,6.06482364727,983.393440493,675.391035392,3.3599543135,202,502,0.218361659911,1
220,1200x900,800,0,600,400,1082.6080104,533.598778582,0.138274561715,900.760418215,588.677385314,3.00331809188,108,699,6.14491074546,1
221,1200x900,800,0,600,400,1135.20783289,69.4417970735,0.384898612569,873.83993851,219.477678648,2.75669404102,132,520,5.89828669461,1
222,1200x900,800,0,600,400,1183.03027704,798.450267871,5.76683615636,848.04979229,601.16432867,3.65794180441,152,206,0.516349150816,1
223,1200x900,800,0,600,400,1003.81033692,85.7711497333,0.0878034845315,976.316659021,120.812356872,3.05378916906,179,191,6.19538182265,1
224,1200x900,800,0,600,400,1035.52964105,682.221743808,6.10878444462,949.25847376,612.88390312,3.31599351615,161,474,0.174400862558,1
225,1200x900,800,0,600,400,1054.03050239,69.1298439471,0.29934227774,942.806734414,186.968605913,2.84225037585,178,423,5.98384302944,1
226,1200x900,800,0,600,400,1001.03832156,382.712278358,6.15473883754,980.806374967,331.526089665,3.27003912323,187,229,0.128446469638,1
227,1200x900,800,0,600,400,1020.99961013,850.704421236,6.03075943738,971.034845008,750.902848964,3.39401852339,196,551,0.252425869798,1
228,1200x900,800,0,600,400,1012.21905213,567.591592685,0.0996719559614,970.427503942,607.354592321,3.04192069763,174,687,6.18351335122,1
229,1200x900,800,0,600,400,1072.1288278,844.230842594,6.16018301103,911.352778234,795.20297201,3.26459494974,117,697,0.123002296152,1
230,1200x900,800,0,600,400,1107.03082901,420.873747161,0.215946332725,880.80995692,506.496789357,2.92564632086,99,678,6.06723897445,1
231,1200x900,800,0,600,400,1119.92926067,66.9560612207,0.57345384008,923.361736503,283.753692834,2.56813881351,251,718,5.7097314671,1
232,1200x900,800,0,600,400,1178.86100035,72.9900010526,0.373641753025,829.175803299,218.847330702,2.76795090056,84,511,5.90954355415,1
233,1200x900,800,0,600,400,1016.70215728,775.613351778,6.22013240944,962.809464759,750.434105636,3.20464555133,164,700,0.0630528977411,1
234,1200x900,800,0,600,400,1122.18966466,531.154516831,6.12658391221,862.60553762,468.832062726,3.29819404856,72,344,0.15660139497,1
235,1200x900,800,0,600,400,1155.89290787,116.060589845,0.45739922267,864.122142374,292.530413426,2.68419343092,146,646,5.82578608451,1
236,1200x900,800,0,600,400,1043.10128703,105.375945571,0.205292348989,945.592744594,186.835755696,2.9363003046,162,350,6.07789295819,1
237,1200x900,800,0,600,400,984.604225676,636.01544445,6.15364376769,997.693625802,584.395301448,3.27113419308,204,481,0.129541539491,1
238,1200x900,800,0,600,400,1050.40772106,567.080820002,6.04418237698,939.648228277,472.481906942,3.38059558379,162,283,0.239002930197,1
239,1200x900,800,0,600,400,1152.38714815,682.643473186,5.8973107179,855.546282456,532.246196615,3.52746724287,114,231,0.385874589284,1
240,1200x900,800,0,600,400,1019.78385715,39.500366061,0.539549678586,1016.69527272,244.794744163,2.602042975,330,656,5.74363562859,1
241,1200x900,800,0,600,400,1160.13804686,728.900887512,5.85166663783,856.028622893,561.767891971,3.57311132294,129,227,0.431518669347,1
242,1200x900,800,0,600,400,1079.81580342,245.673759278,0.169414439515,905.941205012,313.048397439,2.97217821407,117,448,6.11377086766,1
243,1200x900,800,0,600,400,1073.54453748,482.682474541,6.15728423055,908.064772332,432.505210519,3.26749373022,114,332,0.125901076634,1
244,1200x900,800,0,600,400,998.286857337,21.9525102886,0.151451229226,985.237955522,82.2413243625,2.99014142436,194,203,6.13173407795,1
245,1200x900,800,0,600,400,1056.84721131,858.340760087,5.73697739186,979.942169736,650.768286978,3.68780056891,296,235,0.546207915318,1
246,1200x900,800,0,600,400,993.529686095,569.934139078,6.15623278489,989.95865765,519.340070765,3.26854517588,196,418,0.126952522291,1
247,1200x900,800,0,600,400,1109.29573232,882.410757366,5.89121615399,899.696557778,729.759975163,3.53356180678,160,424,0.391969153192,1
248,1200x900,800,0,600,400,1098.44251494,882.133704117,2.56263866065,763.963157468,677.937812522,3.72054664653,94,240,0.578953992936,1
249,1200x900,800,0,600,400,1070.9406157,517.716322609,6.10582666485,913.844238338,447.21478718,3.31895129592,126,306,0.177358642331,1
250,1200x900,800,0,600,400,1028.44918446,808.624454933,5.79707871772,997.68046844,621.93651144,3.62769924305,290,248,0.48610658946,1
251,1200x900,800,0,600,400,1153.65839634,731.161266513,5.96170885063,847.395459785,604.900564764,3.46306911014,88,352,0.321476456553,1
252,1200x900,800,0,600,400,1138.20555165,127.320535046,3.84624320509,833.77510295,154.526776176,2.43694210209,224,673,5.57853475568,1
253,1200x900,800,0,600,400,1069.31782094,821.125537598,5.94588795019,932.299475342,688.882733578,3.47889001058,177,424,0.337297356993,1
254,1200x900,800,0,600,400,1175.55463124,34.492025076,0.474720620416,847.892134536,217.145180726,2.66687203317,136,583,5.80846468676,1
255,1200x900,800,0,600,400,1181.41860132,238.399537319,0.402986176051,829.283171481,395.109491392,2.73860647754,93,709,5.88019913113,1
256,1200x900,800,0,600,400,998.443411004,814.813226963,6.15045153838,985.359520855,761.928422385,3.27432642239,192,656,0.132733768801,1
257,1200x900,800,0,600,400,1169.1827193,669.51146643,5.89832871577,838.852566153,519.491148109,3.52644924499,97,219,0.384856591405,1
258,1200x900,800,0,600,400,1044.05533372,132.333825419,3.84127604867,738.342907592,148.562008073,2.44190925851,126,664,5.5835019121,1
259,1200x900,800,0,600,400,1150.16306846,716.06070973,5.82009254332,872.098020156,537.55249339,3.60468541745,156,180,0.463092763861,1
260,1200x900,800,0,600,400,1154.18372259,77.0065658939,3.6449118243,804.13954297,138.938474743,2.63827348288,103,525,5.77986613647,1
261,1200x900,800,0,600,400,1093.84679501,733.921168222,6.265750117,886.278347942,726.954419204,3.15902784377,86,713,0.0174351901799,1
262,1200x900,800,0,600,400,1022.54136019,177.068130016,0.256065756178,970.302088832,278.277442721,2.88552689741,196,481,6.027119551,1
263,1200x900,800,0,600,400,1134.68659903,695.958422072,6.03054083646,856.991127542,596.072267522,3.39423712431,82,396,0.252644470724,1
264,1200x900,800,0,600,400,1133.8647085,114.698482189,3.81790330689,822.221760567,159.013619312,2.46528200028,198,660,5.60687465387,1
265,1200x900,800,0,600,400,1070.52996632,878.364711271,5.83003069549,948.616009664,703.418262418,3.59474726528,229,353,0.453154611688,1
266,1200x900,800,0,600,400,1177.58990101,835.773450996,5.82315208467,843.188613469,658.359891814,3.6016258761,126,303,0.460033222506,1
267,1200x900,800,0,600,400,1036.17689666,592.673947462,0.0603082615274,943.944879133,616.758522957,3.08128439206,145,665,6.22287704565,1
268,1200x900,800,0,600,400,1033.81961741,315.959358368,0.0700912444385,946.43470921,343.944892031,3.07150140915,148,400,6.21309406274,1
269,1200x900,800,0,600,400,1027.15534262,440.491427785,6.16164342685,954.495348254,392.042782333,3.26313453392,160,295,0.12154188033,1
270,1200x900,800,0,600,400,1035.32995208,753.690936747,5.99965947155,960.444095678,641.90585481,3.42511848922,192,418,0.283525835627,1
271,1200x900,800,0,600,400,1128.49117692,125.615971189,0.196583748428,858.983945322,203.665852783,2.94500890516,74,360,6.08660155875,1
272,1200x900,800,0,600,400,1146.05499054,860.169370486,2.4789661564,831.01867869,673.397793602,3.80421915078,200,181,0.662626497195,1
273,1200x900,800,0,600,400,1188.89547764,819.676192008,2.56945633955,852.933283589,742.360076424,3.71372896763,180,309,0.572136314036,1
274,1200x900,800,0,600,400,1134.82601081,14.4359630026,0.413849363527,878.829943569,175.129787323,2.72774329006,146,497,5.86933594365,1
275,1200x900,800,0,600,400,1171.97211617,16.6312557731,2.63963728291,821.665401482,208.895047601,2.63963728291,120,594,5.7812299365,0
276,1200x900,800,0,600,400,1002.51057423,704.485906467,5.86485177373,1012.3792599,542.153099613,3.55992618704,281,217,0.418333533449,1
277,1200x900,800,0,600,400,1173.76378281,859.652216958,2.60895336582,829.520443136,716.450142695,3.67423194136,140,310,0.532639287774,1
278,1200x900,800,0,600,400,994.381773888,316.22301547,0.335224117446,1006.84701705,447.683751318,2.80636853614,251,711,5.94796118973,1
279,1200x900,800,0,600,400,1139.69286642,768.841146668,2.40348623838,844.091141905,740.579835937,3.8796990688,252,202,0.738106415206,1
280,1200x900,800,0,600,400,1163.3613218,751.146877207,5.8995553142,846.220589955,601.580967097,3.52522264657,104,302,0.38362999298,1
281,1200x900,800,0,600,400,1085.59226522,401.348504379,0.175610803693,900.089855465,471.162452421,2.9659818499,112,611,6.10757450349,1
282,1200x900,800,0,600,400,1158.68581255,697.171130252,5.89773554042,850.674191707,546.931143878,3.52704242035,109,246,0.385449766761,1
283,1200x900,800,0,600,400,1092.62097396,171.700599541,0.0769922102498,888.028865912,202.436299894,3.06460044334,90,264,6.20619309693,1
284,1200x900,800,0,600,400,1055.64075397,451.709990422,6.15053833178,928.368711755,398.859563612,3.27423962899,135,293,0.132646975396,1
285,1200x900,800,0,600,400,1046.062061,884.004215228,5.86437903912,968.225467059,721.498811557,3.56039892165,237,396,0.418806268058,1
286,1200x900,800,0,600,400,1154.38156185,812.06520511,5.91307206947,851.202027457,667.521491808,3.5117058913,105,378,0.370113237708,1
287,1200x900,800,0,600,400,1145.02536466,121.296129995,0.380537843169,863.143389382,269.715518707,2.76105481042,120,567,5.90264746401,1
288,1200x900,800,0,600,400,1010.156784,706.621448064,6.14977201295,973.287356635,653.467505859,3.27500594782,180,547,0.133413294234,1
289,1200x900,800,1,600,400,1163.49489186,176.240181673,0.846686780426,951.239928127,475.576392429,2.29490587316,421,703,0.846686780426,1
290,1200x900,800,1,600,400,442.152659846,255.22828925,0.294028060302,824.603534917,371.036268929,0.294028060302,789,603,5.98915724688,0
291,1200x900,800,1,600,400,784.054395979,158.707443911,0.462377405041,1141.69420688,336.959865088,0.462377405041,522,694,5.82080790214,0
292,1200x900,800,1,600,400,834.68888719,273.788747947,2.24239815737,586.041487755,586.60599612,2.24239815737,88,565,0.899194496224,0
293,1200x900,800,1,600,400,623.158377065,501.49993797,6.19515504035,1021.21106096,466.368458626,6.19515504035,561,396,0.0880302668298,0
294,1200x900,800,1,600,400,976.277268997,528.066378695,2.20834948912,738.422938421,849.166795117,2.20834948912,262,287,0.933243164465,0
295,1200x900,800,1,600,400,1123.18861745,696.627413389,4.13779917289,906.009807842,361.197056004,4.13779917289,471,334,5.28697878788,0
296,1200x900,800,1,600,400,958.100336124,571.915396888,3.90244248773,668.689924195,296.376337104,3.90244248773,89,279,5.52233547304,0
297,1200x900,800,1,600,400,555.504838908,178.160085004,0.0548941610699,954.502918971,200.084776697,0.0548941610699,625,244,6.22829114611,0
298,1200x900,800,1,600,400,1135.37592859,437.815743566,3.95506412594,860.85874437,147.435862087,3.95506412594,311,457,5.46971383483,0
299,1200x900,800,1,600,400,1082.91422064,343.652639055,1.82684687949,981.710785168,730.224785812,1.82684687949,779,274,1.3147457741,0
300,1200x900,800,1,600,400,572.560503256,510.150764521,0.15297024661,967.494313651,571.039559935,0.15297024661,620,693,6.13021506057,0
301,1200x900,800,1,600,400,1017.04254583,363.50916813,2.36390156982,732.313378069,643.882956181,2.36390156982,162,574,0.777691083774,0
302,1200x900,800,1,600,400,1105.12223312,413.044806891,0.84712172391,1008.97909834,712.496128648,2.29447092968,479,467,0.84712172391,1
303,1200x900,800,1,600,400,1098.82928895,431.0,3.91596833465,813.17213573,151.571742993,3.91596833465,241,431,5.50880962612,0
304,1200x900,800,1,600,400,1053.18942244,555.008995156,4.38473308418,924.588344767,176.667981227,4.38473308418,667,605,5.04004487659,0
305,1200x900,800,1,600,400,772.785800544,325.059237728,0.331840816309,1150.58531777,455.242511565,0.331840816309,471,716,5.95134449087,0
306,1200x900,800,1,600,400,460.438551787,91.4351456497,1.82041258256,361.724514042,478.650458818,1.82041258256,164,524,1.32118007103,0
307,1200x900,800,1,600,400,467.185565441,342.131239498,6.203826001,865.527905384,310.452536745,6.203826001,716,247,0.0793593061769,0
308,1200x900,800,1,600,400,1095.73993758,350.776056156,2.15190378503,876.379538368,684.783803455,2.15190378503,437,425,0.989688868561,0
309,1200x900,800,1,600,400,665.897418444,453.771489722,1.98221990338,506.091578102,820.025845864,1.98221990338,186,225,1.15937275021,0
310,1200x900,800,1,600,400,654.528271062,304.208188605,0.242187141193,1042.46624989,400.0428618,0.242187141193,559,592,6.04099816599,0
311,1200x900,800,1,600,400,1095.90622705,381.443074727,1.89820297677,967.399453445,759.816130238,1.89820297677,710,261,1.24338967682,0
312,1200x900,800,1,600,400,1088.32690659,249.476519942,2.35831661328,805.168046698,531.436127089,2.35831661328,238,683,0.783276040305,0
313,1200x900,800,1,600,400,599.916709741,562.139255834,6.16529638426,996.743144109,515.139883641,6.16529638426,588,421,0.117888922916,0
314,1200x900,800,1,600,400,1030.86913783,621.415795921,0.468239890395,991.248174616,801.761800096,2.67335276319,277,616,0.468239890395,1
315,1200x900,800,1,600,400,993.071021672,619.367349521,3.87923062474,697.343371455,350.619666931,3.87923062474,105,211,5.54554733603,0
316,1200x900,800,1,600,400,946.115038654,411.245225946,2.0791760651,751.604730782,760.309546855,2.0791760651,362,319,1.06241658849,0
317,1200x900,800,1,600,400,502.192285502,57.0939399859,1.83830226413,396.56725443,442.481423969,1.83830226413,185,564,1.30329038946,0
318,1200x900,800,1,600,400,1186.60302925,112.946672427,1.90939874597,1053.86822051,489.857312432,1.90939874597,788,534,1.23219390762,0
319,1200x900,800,1,600,400,1171.07661992,228.276303421,0.933306864498,970.381967816,549.39187052,2.20828578909,494,587,0.933306864498,1
320,1200x900,800,1,600,400,546.476724384,535.830886017,6.14959591438,942.516368044,482.607200973,6.14959591438,644,376,0.1335893928,0
321,1200x900,800,1,600,400,654.956748161,610.001926187,5.92561249,1029.28168853,470.141284767,5.92561249,601,190,0.357572817184,0
322,1200x900,800,1,600,400,751.05435524,807.687045292,0.691795536244,1058.78705322,716.591932837,5.59138977094,703,206,0.691795536244,1
323,1200x900,800,1,600,400,833.76628005,316.804274971,1.95139018603,685.326108793,687.810576208,1.95139018603,388,348,1.19020246756,0
324,1200x900,800,1,600,400,1137.99063048,392.043197149,5.16162467157,1066.59546086,32.0917939419,4.2631532892,719,712,5.16162467157,1
325,1200x900,800,1,600,400,945.901247409,484.745230701,3.93593927531,665.881132022,199.668232368,3.93593927531,105,394,5.48883868546,0
326,1200x900,800,1,600,400,1043.77895592,552.024319147,2.47185163476,730.4995636,800.089194425,2.47185163476,103,482,0.669741018834,0
327,1200x900,800,1,600,400,928.370564152,598.863685319,4.00877779176,669.839166289,294.164364153,4.00877779176,152,339,5.41600016901,0
328,1200x900,800,1,600,400,1140.42608682,524.404741113,2.61333863284,795.296199907,725.813581935,2.61333863284,104,649,0.52825402075,0
329,1200x900,800,1,600,400,694.62093537,511.892589184,6.05376763592,1083.75101088,421.019356986,6.05376763592,517,239,0.229417671259,0
330,1200x900,800,1,600,400,1142.60415297,822.907556429,5.12128833401,1077.23876869,456.250981976,4.30348962676,759,301,5.12128833401,1
331,1200x900,800,1,600,400,751.401139753,72.8711764456,2.01104851195,581.104560215,434.367006294,2.01104851195,240,620,1.13054414164,0
332,1200x900,800,1,600,400,951.228658334,98.677304552,2.18465248072,721.049515109,425.323477075,2.18465248072,260,699,0.956940172871,0
333,1200x900,800,1,600,400,769.253054044,43.5686298531,0.43384146171,1131.83317245,211.544276112,0.43384146171,521,548,5.84934384547,0
334,1200x900,800,1,600,400,705.402556799,788.474450656,6.18010749434,1102.88155368,747.357458587,6.18010749434,481,665,0.103077812836,0
335,1200x900,800,1,600,400,975.331236953,573.120368283,2.35950345533,691.837935047,854.743712087,2.35950345533,124,360,0.782089198264,0
336,1200x900,800,1,600,400,1144.29133331,389.888043445,2.4104462999,846.825319315,656.710326099,2.4104462999,251,587,0.731146353686,0
337,1200x900,800,1,600,400,964.964919589,158.814867123,2.15912415039,743.198601366,491.230059468,2.15912415039,299,622,0.982468503198,0
338,1200x900,800,1,600,400,603.300891464,808.290425082,0.640826174007,923.621089365,731.525469676,5.64235913317,813,253,0.640826174007,1
339,1200x900,800,1,600,400,1050.58205703,664.499655937,0.49406080978,977.683739188,853.991967495,2.64753184381,273,545,0.49406080978,1
340,1200x900,800,1,600,400,694.913214658,434.40794588,1.97225451947,538.765114177,802.236616209,1.97225451947,226,240,1.16933813412,0
341,1200x900,800,1,600,400,653.77114152,68.495857922,5.68347035107,983.639554614,180.248482252,0.599714956113,735,632,5.68347035107,1
342,1200x900,800,1,600,400,651.793302114,784.442811222,5.77830539084,1001.53623528,591.155355085,5.77830539084,677,204,0.504879916344,0
343,1200x900,800,1,600,400,990.597287854,515.058818222,4.20450309749,796.259390998,165.898479916,4.20450309749,407,557,5.22027486328,0
344,1200x900,800,1,600,400,621.723347368,680.325906381,6.05425255011,1010.89744285,589.641379556,6.05425255011,589,408,0.228932757065,0
345,1200x900,800,1,600,400,1132.48956388,82.5116764732,1.22667231094,1111.03269321,458.683666507,1.91492034265,841,566,1.22667231094,1
346,1200x900,800,1,600,400,1032.95999972,218.570010009,2.26092100274,778.561319811,526.728202602,2.26092100274,269,635,0.880671650854,0
347,1200x900,800,1,600,400,1170.92772616,372.84452251,1.18558888499,1057.75140887,743.162036735,1.95600376859,757,295,1.18558888499,1
348,1200x900,800,1,600,400,420.12564706,413.768485598,6.18321178474,817.730367647,373.885579894,6.18321178474,764,294,0.0999735224424,0
349,1200x900,800,1,600,400,1159.23937781,182.789984241,2.25368018396,907.078665002,492.782137229,2.25368018396,402,665,0.887912469634,0
350,1200x900,800,1,600,400,864.377482761,443.599941624,4.10752778669,637.145781001,114.89655905,4.10752778669,182,566,5.31725017408,0
351,1200x900,800,1,600,400,1041.57363356,426.807350051,2.44387630658,735.355613587,683.538112216,2.44387630658,122,581,0.697716347008,0
352,1200x900,800,1,600,400,1153.36342774,289.0879418,2.44230804053,847.548406305,546.298619382,2.44230804053,235,717,0.699284613055,0
353,1200x900,800,1,600,400,705.292199189,272.010457035,2.10917361263,500.399896859,615.083779294,2.10917361263,90,476,1.03241904096,0
354,1200x900,800,1,600,400,1081.38476447,502.152883645,3.78037785666,760.577637901,263.903124898,3.78037785666,118,236,5.64440010411,0
355,1200x900,800,1,600,400,858.491007717,482.528223849,2.28001692756,598.254502147,785.772549713,2.28001692756,77,386,0.861575726033,0
356,1200x900,800,1,600,400,943.779192347,419.220553959,2.32400453771,670.459721295,710.728061142,2.32400453771,123,484,0.817588115883,0
357,1200x900,800,1,600,400,1041.16245182,429.258745246,2.46036793802,730.752355366,680.904790352,2.46036793802,109,594,0.681224715569,0
358,1200x900,800,1,600,400,590.349085998,542.640958831,4.43609620947,481.341840361,158.196449963,4.43609620947,263,635,4.9886817513,0
359,1200x900,800,1,600,400,536.475484438,79.0803950739,0.135345847909,932.421032215,132.999623514,0.135345847909,653,241,6.14783945927,0
360,1200x900,800,1,600,400,980.052221866,256.857280142,2.27515272163,721.293831985,561.363857519,2.27515272163,203,608,0.866439931963,0
361,1200x900,800,2,600,400,826.564508138,722.150125189,5.25693893714,1033.57057236,380.348063502,5.25693893714,931,328,5.25693893714,0
362,1200x900,800,2,600,400,788.155022306,521.88769338,0.872904676317,1044.93946161,828.060702858,0.872904676317,819,338,0.872904676317,0
363,1200x900,800,2,600,400,548.513801453,419.578986545,5.74550879018,891.730621601,214.927149595,5.74550879018,800,218,5.74550879018,0
364,1200x900,800,2,600,400,884.709421772,472.775500946,1.16287927499,1043.23000231,839.587967401,1.16287927499,1018,204,1.16287927499,0
365,1200x900,800,2,600,400,928.624420542,341.260889801,1.23544274934,1060.13400792,718.600774294,1.23544274934,1055,305,1.23544274934,0
366,1200x900,800,2,600,400,962.093160649,657.116884727,5.12921345249,1123.87476215,291.730960783,5.12921345249,931,464,5.12921345249,0
367,1200x900,800,2,600,400,793.717082887,610.488545351,0.627216347555,1117.25895709,845.011072283,0.627216347555,613,464,0.627216347555,0
368,1200x900,800,2,600,400,710.255433896,310.936795394,5.54965158823,1007.08359854,43.4051137649,5.54965158823,778,515,5.54965158823,0
369,1200x900,800,2,600,400,962.478614602,99.2681919821,1.12930430684,1133.22325824,460.552604416,1.12930430684,903,594,1.12930430684,0
370,1200x900,800,2,600,400,982.590587537,768.193063687,5.16249216453,1156.43994162,408.392338168,5.16249216453,874,336,5.16249216453,0
371,1200x900,800,2,600,400,623.251626871,597.298979707,0.54455953293,965.051706217,804.308317079,0.54455953293,730,560,0.54455953293,0
372,1200x900,800,2,600,400,465.533497864,636.68628373,0.44952596167,825.434513191,810.327923801,0.44952596167,833,620,0.44952596167,0
373,1200x900,800,2,600,400,605.536908693,223.001800435,5.82990435101,964.783364853,48.0099613782,5.82990435101,694,326,5.82990435101,0
374,1200x900,800,2,600,400,664.769063889,608.428280532,0.643635019551,984.41695458,848.231086973,0.643635019551,755,450,0.643635019551,0
375,1200x900,800,2,600,400,944.308860745,601.306299621,5.35375886615,1183.38700737,281.116043985,5.35375886615,716,384,5.35375886615,0
376,1200x900,800,2,600,400,925.104917728,746.299207398,5.30030907674,1146.73568279,413.793622518,5.30030907674,788,275,5.30030907674,0
377,1200x900,800,2,600,400,780.12175544,409.697720305,5.58115989529,1085.2306664,151.649832396,5.58115989529,683,388,5.58115989529,0
378,1200x900,800,2,600,400,961.304425069,445.461705454,5.05157596733,1094.25954093,68.6287223351,5.05157596733,1018,708,5.05157596733,0
379,1200x900,800,2,600,400,883.783511621,364.255107078,1.14011864257,1050.6111963,727.364847547,1.14011864257,994,325,1.14011864257,0
380,1200x900,800,2,600,400,767.982640426,791.743048589,5.30405901649,990.858720188,460.070901628,5.30405901649,942,228,5.30405901649,0
381,1200x900,800,2,600,400,706.934785545,325.635815651,5.65002338758,1029.07657882,89.1938036822,5.65002338758,705,408,5.65002338758,0
382,1200x900,800,2,600,400,614.207376252,300.585272148,5.55339841831,912.035850756,34.1676305122,5.55339841831,870,523,5.55339841831,0
383,1200x900,800,2,600,400,589.42270039,619.068759297,0.677286452102,900.821435496,869.490379319,0.677286452102,855,407,0.677286452102,0
384,1200x900,800,2,600,400,444.560414788,624.792329912,0.38150463078,815.431367083,773.570341539,0.38150463078,821,707,0.38150463078,0
385,1200x900,800,2,600,400,668.124136027,618.07823246,0.627644692947,991.565523906,852.739325544,0.627644692947,740,456,0.627644692947,0
386,1200x900,800,2,600,400,818.045711691,629.078598648,5.42715687556,1079.96039014,327.282539671,5.42715687556,774,301,5.42715687556,0
387,1200x900,800,2,600,400,958.147551163,699.392844099,5.07926248069,1101.48357093,326.384874428,5.07926248069,990,444,5.07926248069,0
388,1200x900,800,2,600,400,908.386846892,388.573984342,1.10372411707,1088.31634652,745.372996624,1.10372411707,930,320,1.10372411707,0
389,1200x900,800,2,600,400,690.8491754,344.315982652,5.49396923602,972.32820091,60.6793873446,5.49396923602,843,530,5.49396923602,0
390,1200x900,800,2,600,400,967.421996629,39.6352542485,5.07776873249,1110.20067671,356.817627124,1.20541657469,982,674,1.20541657469,1
391,1200x900,800,2,600,400,670.372673138,383.434860382,5.4577302107,941.3904262,89.786196967,5.4577302107,895,521,5.4577302107,0
392,1200x900,800,2,600,400,906.736658536,44.2904668472,1.19479030357,1053.4731575,415.973880349,1.19479030357,1031,618,1.19479030357,0
393,1200x900,800,2,600,400,639.690670523,639.732107328,0.447509531026,999.94109026,812.647679442,0.447509531026,657,620,0.447509531026,0
394,1200x900,800,2,600,400,880.819894992,477.557635042,0.997998416729,1097.39729946,813.376615853,0.997998416729,847,292,0.997998416729,0
395,1200x900,800,2,600,400,918.127046614,651.35950832,5.35353154551,1157.13240121,331.114913561,5.35353154551,743,334,5.35353154551,0
396,1200x900,800,2,600,400,680.042492767,485.305128597,0.552836193418,1020.11753855,695.13630653,0.552836193418,678,663,0.552836193418,0
397,1200x900,800,2,600,400,671.047480256,281.463879183,0.735301321747,967.402291687,549.519816893,0.735301321747,817,692,0.735301321747,0
398,1200x900,800,2,600,400,741.637227588,100.41202701,0.955109549471,972.413950921,426.636281118,0.955109549471,944,698,0.955109549471,0
399,1200x900,800,2,600,400,736.091546474,578.037952662,0.522686016823,1082.33752285,777.52199675,0.522686016823,603,602,0.522686016823,0
400,1200x900,800,2,600,400,747.366290047,523.094668985,5.55780062967,1046.36470166,257.99070852,5.55780062967,733,297,5.55780062967,0
401,1200x900,800,2,600,400,923.709970876,781.644478902,5.26903727679,1134.83602212,442.371800241,5.26903727679,821,260,5.26903727679,0
402,1200x900,800,2,600,400,592.71463877,572.654130112,5.5712925494,895.262490011,311.608238151,5.5712925494,878,234,5.5712925494,0
403,1200x900,800,2,600,400,627.254839384,663.721542459,0.34958069181,1002.68559687,800.586097164,0.34958069181,625,704,0.34958069181,0
404,1200x900,800,2,600,400,529.933632408,281.043007509,5.70762615515,865.153311144,63.5391523972,5.70762615515,842,396,5.70762615515,0
405,1200x900,800,2,600,400,790.0,575.625829802,0.842309834137,1056.03012146,873.800500883,0.842309834137,790,307,0.842309834137,0
406,1200x900,800,2,600,400,803.039714708,508.791354621,1.04317674013,1004.22955285,854.048952698,1.04317674013,971,233,1.04317674013,0
407,1200x900,800,2,600,400,897.503214578,777.815757293,5.13476830777,1061.31197558,413.334139347,5.13476830777,989,340,5.13476830777,0
408,1200x900,800,2,600,400,689.018100819,456.67327097,0.681191136531,999.436647133,708.308892662,0.681191136531,758,567,0.681191136531,0
409,1200x900,800,2,600,400,825.191005547,543.743731674,0.500921983496,1175.69621609,735.645418437,0.500921983496,501,659,0.500921983496,0
410,1200x900,800,2,600,400,865.919031933,587.389886792,5.23233696896,1064.4542982,240.599016022,5.23233696896,916,477,5.23233696896,0
411,1200x900,800,2,600,400,562.338220796,308.003919435,5.71443672744,899.031439442,92.7881288478,5.71443672744,805,361,5.71443672744,0
412,1200x900,800,2,600,400,824.929374718,709.117759818,5.34683328045,1061.7843005,387.279439954,5.34683328045,842,280,5.34683328045,0
413,1200x900,800,2,600,400,645.831357367,460.515482949,0.743478965142,939.984218223,730.985914698,0.743478965142,849,506,0.743478965142,0
414,1200x900,800,2,600,400,684.276075258,353.555980894,0.768095832764,971.68235137,631.184856287,0.768095832764,831,592,0.768095832764,0
415,1200x900,800,2,600,400,560.067104085,425.619839219,0.591751481143,891.721097796,648.522931292,0.591751481143,823,684,0.591751481143,0
416,1200x900,800,2,600,400,921.155417298,373.146262267,5.34515533485,1157.46998271,50.9109659774,5.34515533485,748,617,5.34515533485,0
417,1200x900,800,2,600,400,898.976433665,546.617646043,0.916546860002,1142.15855332,863.702203658,0.916546860002,750,280,0.916546860002,0
418,1200x900,800,2,600,400,798.653873286,385.256544651,5.47263946367,1074.01942521,95.6810401433,5.47263946367,754,507,5.47263946367,0
419,1200x900,800,2,600,400,861.700358259,610.075491347,5.38494354102,1110.6456752,297.495278961,5.38494354102,769,351,5.38494354102,0
420,1200x900,800,2,600,400,785.425741288,335.283293791,5.82137598603,1143.16675681,157.23407078,5.82137598603,519,223,5.82137598603,0
421,1200x900,800,2,600,400,1035.78266082,744.001580557,5.09181082697,1183.78790615,372.821560412,5.09181082697,898,394,5.09181082697,0
422,1200x900,800,2,600,400,586.577111052,699.580583405,0.448666101311,946.627300876,872.912694705,0.448666101311,712,558,0.448666101311,0
423,1200x900,800,2,600,400,945.594983211,91.1415537025,5.03627388044,1072.76842738,310.699789246,1.24691142674,1051,710,1.24691142674,1
424,1200x900,800,2,600,400,628.666238565,329.012816139,5.49564572623,910.620382262,45.8485160367,5.49564572623,903,545,5.49564572623,0
425,1200x900,800,2,600,400,799.259583228,308.013268552,5.63744428585,1118.4017403,67.5378153743,5.63744428585,621,438,5.63744428585,0
426,1200x900,800,2,600,400,844.105966704,730.950825964,5.34066222278,1078.97031233,407.656998068,5.34066222278,830,263,5.34066222278,0
427,1200x900,800,2,600,400,655.238231832,423.713722662,5.57494033016,958.73630625,163.773193262,5.57494033016,812,380,5.57494033016,0
428,1200x900,800,2,600,400,541.676218078,649.213475343,0.397294103445,910.151912148,803.828555071,0.397294103445,732,665,0.397294103445,0
429,1200x900,800,2,600,400,703.843189251,412.985893199,0.59634559382,1034.46964473,637.410283452,0.59634559382,682,692,0.59634559382,0
430,1200x900,800,2,600,400,914.408396936,838.489609136,5.1812619067,1094.9800984,482.015177191,5.1812619067,922,254,5.1812619067,0
431,1200x900,800,2,600,400,767.392811322,623.343370938,0.70051788932,1072.89038845,880.931007227,0.70051788932,694,382,0.70051788932,0
432,1200x900,800,2,600,400,949.86992785,660.758036829,5.27155203782,1161.84850033,322.017361959,5.27155203782,792,380,5.27155203782,0
433,1200x900,1000,0,600,400,1045.32056181,834.598446708,5.83029051073,976.083378819,660.007889397,3.59448745004,76,222,0.452894796453,1
434,1200x900,1000,0,600,400,1046.68180392,14.2680661928,0.476975372837,978.275960785,197.446667328,2.66461728075,89,657,5.80620993434,1
435,1200x900,1000,0,600,400,1031.26417906,869.635726266,5.78445461185,998.068582244,678.78954428,3.64032334892,119,200,0.498730695327,1
436,1200x900,1000,0,600,400,1019.89731922,44.9382911517,0.420936636301,995.619323222,207.975878173,2.72065601729,82,617,5.86224867088,1
437,1200x900,1000,0,600,400,1012.99170737,131.112029687,0.392800492382,998.764560292,283.840101227,2.74879216121,74,667,5.8903848148,1
438,1200x900,1000,0,600,400,1084.8972208,21.4361020424,0.516654660169,947.34603004,218.53181296,2.62493799342,77,713,5.76653064701,1
439,1200x900,1000,0,600,400,1006.43649133,833.876068749,5.83641585188,1012.74942437,661.486389155,3.58836210889,110,229,0.446769455303,1
440,1200x900,1000,0,600,400,1018.2940125,779.562533118,5.88521869264,993.772777844,624.932211179,3.53955926813,71,237,0.397966614542,1
441,1200x900,1000,0,600,400,1039.46149951,65.3001105177,0.457747353194,982.947331775,241.62957902,2.6838453004,85,684,5.82543795399,1
442,1200x900,1000,0,600,400,1008.87323969,741.106286714,5.87314385134,1005.02140164,582.045995001,3.55163410943,87,183,0.410041455837,1
443,1200x900,1000,0,600,400,1006.12743629,70.6700350709,0.427416832611,1009.94960245,236.064075076,2.71417582098,99,651,5.85576847457,1
444,1200x900,1000,0,600,400,1049.20923737,42.1360389328,0.500543950735,979.198969847,233.617267837,2.64104870285,101,714,5.78264135644,1
445,1200x900,1000,0,600,400,1025.02207253,877.354328393,5.85967037044,990.561700615,713.378344801,3.56510759033,78,302,0.423514936743,1
446,1200x900,1000,0,600,400,995.354465324,787.642634931,5.9258866859,1009.78187884,648.094483976,3.49889127487,72,298,0.357298621281,1
447,1200x900,1000,0,600,400,1000.17175106,836.316458641,5.9200294382,1006.7152141,694.581267928,3.50474852257,71,339,0.363155868977,1
448,1200x900,1000,0,600,400,1017.67194988,19.2619371836,0.460167976314,1003.87389003,196.457285086,2.68142467728,107,641,5.82301733087,1
449,1200x900,1000,0,600,400,1031.69197813,37.3195330091,0.479347523073,993.183330241,221.338466101,2.66224513052,105,683,5.80383778411,1
450,1200x900,1000,0,600,400,1005.16605637,847.909035186,5.80526328385,1018.840526,664.394960158,3.61951467692,130,204,0.477922023329,1
451,1200x900,1000,0,600,400,1050.80327654,12.8883346368,0.514641271004,981.339822182,209.285159265,2.62695138259,110,702,5.76854403618,1
452,1200x900,1000,0,600,400,1010.58960846,856.931097385,5.85294013723,1006.77238168,690.51073463,3.57183782354,97,273,0.430245169954,1
453,1200x900,1000,0,600,400,995.146277505,879.619238102,5.92819084782,1009.58606309,740.932755243,3.49658711295,71,393,0.354994459364,1
454,1200x900,1000,0,600,400,1059.15008571,40.8343415222,0.47973814867,966.00292567,224.991554188,2.66185450492,78,687,5.80344715851,1
455,1200x900,1000,0,600,400,1025.41120377,83.2622065802,0.470558480419,999.206536267,264.162477705,2.67103417317,107,718,5.81262682676,1
456,1200x900,1000,0,600,400,1022.58768622,855.240566051,5.84166475966,996.007059305,684.742004727,3.58311320111,91,257,0.441520547523,1
457,1200x900,1000,0,600,400,1010.57556559,46.0262861806,0.43027866293,1006.75839749,212.458794619,2.71131399066,97,630,5.85290664425,1
458,1200x900,1000,0,600,400,1036.80850201,24.0164525872,0.442898037201,982.41699068,195.0117636,2.69869461639,78,624,5.84028726998,1
459,1200x900,1000,0,600,400,1052.42942965,27.1802704696,0.45704663747,968.257087212,203.258893386,2.68454601612,70,645,5.82613866971,1
460,1200x900,1000,0,600,400,1011.56962947,887.550239799,5.76078186146,1022.48907234,688.463421456,3.66399609931,155,189,0.522403445716,1
461,1200x900,1000,0,600,400,1060.32770654,33.2914672617,0.505308631153,970.900139814,226.438399092,2.63628402244,95,711,5.77787667603,1
462,1200x900,1000,0,600,400,1010.7147654,73.4956919857,0.441728926883,1006.91790705,244.06941977,2.69986372671,102,672,5.8414563803,1
463,1200x900,1000,0,600,400,1024.26172545,40.7473308903,0.484645557364,1000.72497779,226.639341587,2.65694709623,115,693,5.79853974982,1
464,1200x900,1000,0,600,400,1049.92691553,857.744928885,5.81181955873,973.839877066,676.557624153,3.61295840204,82,222,0.471365748451,1
465,1200x900,1000,0,600,400,1023.12711921,789.612500237,5.85083177204,993.890095172,622.427937669,3.57394618873,85,203,0.432353535143,1
466,1200x900,1000,0,600,400,1000.82104462,730.160404152,5.89866493593,1009.90543348,580.489688969,3.52611302484,82,205,0.384520371251,1
467,1200x900,1000,0,600,400,1009.91571747,183.178131114,0.387343338802,1000.84174237,333.892363747,2.75424931479,74,712,5.89584196838,1
468,1200x900,1000,0,600,400,1012.63820748,858.699974265,5.80864617408,1011.39290272,676.3854816,3.61613178669,121,219,0.474539133102,1
469,1200x900,1000,0,600,400,1013.40347216,766.766915335,5.88738386159,996.610553009,612.933344465,3.53739409918,73,227,0.395801445587,1
470,1200x900,1000,0,600,400,1001.41813573,112.41370052,0.406523750713,1010.41944498,270.185795872,2.73506890288,91,666,5.87666155647,1
471,1200x900,1000,0,600,400,1028.19622242,872.489070143,5.78213234282,999.954334733,680.829685152,3.64264561795,122,200,0.50105296436,1
472,1200x900,1000,0,600,400,1015.65465629,131.244103896,0.406655643758,996.367231845,289.064534286,2.73493700983,77,685,5.87652966342,1
473,1200x900,1000,0,600,400,998.035128819,823.66506132,5.91746945131,1009.80186559,680.975518843,3.50730850946,75,323,0.365715855875,1
474,1200x900,1000,0,600,400,996.611135728,862.125678977,5.90023230241,1013.49282343,713.034860468,3.52454565836,85,339,0.382953004769,1
475,1200x900,1000,0,600,400,1028.1975937,83.7166063805,0.46779212268,994.4585977,263.632373562,2.67380053091,101,715,5.8153931845,1
476,1200x900,1000,0,600,400,1005.65145849,882.610645706,5.89985881831,1004.3530626,733.381611679,3.52491914246,76,359,0.383326488869,1
477,1200x900,1000,0,600,400,1035.21309567,22.0728581739,0.457132137943,986.219314855,198.182093594,2.68446051565,88,640,5.82605316924,1
478,1200x900,1000,0,600,400,1042.59970039,57.5661537549,0.454353302452,978.443584565,232.679799935,2.68723935114,79,672,5.82883200473,1
479,1200x900,1000,0,600,400,1032.24098133,125.112031581,0.427069939057,985.093486237,290.38010258,2.71452271453,74,705,5.85611536812,1
480,1200x900,1000,0,600,400,1008.01547725,816.407457003,5.85177954082,1009.28720761,649.566331757,3.57299841995,100,231,0.431405766357,1
481,1200x900,1000,0,600,400,1060.7695471,838.070211102,5.79787967566,965.416952244,651.945200938,3.62689828511,80,185,0.485305631516,1
482,1200x900,1000,0,600,400,1006.89281394,147.591581705,0.394750015161,1003.01582447,301.037980919,2.74684263843,79,686,5.88843529202,1
483,1200x900,1000,0,600,400,1042.5054198,835.536984523,5.8047580835,981.607820886,651.843943934,3.62001987727,93,191,0.478427223682,1
484,1200x900,1000,0,600,400,1047.05515839,885.837880934,5.78997544099,981.698487305,696.929084868,3.63480251978,100,223,0.493209866194,1
485,1200x900,1000,0,600,400,1003.83178038,71.563029787,0.460725231735,1017.62602695,248.957566298,2.68086742185,121,694,5.82246007544,1
486,1200x900,1000,0,600,400,1021.49984346,57.8625617699,0.457299544854,1000.1453389,234.031731666,2.68429310874,102,676,5.82588576233,1
487,1200x900,1000,0,600,400,1003.63441962,141.483644417,0.387107665867,1004.93082637,292.110805758,2.75448498772,78,670,5.89607764131,1
488,1200x900,1000,0,600,400,1008.79698723,42.1603190958,0.478670797484,1017.49554502,225.939628154,2.66292185611,129,687,5.8045145097,1
489,1200x900,1000,0,600,400,1009.00277214,43.1128970409,0.412208313802,1005.15457115,202.965721384,2.72938433979,88,604,5.87097699338,1
490,1200x900,1000,0,600,400,1044.17771874,868.476238098,5.77152467082,986.804552361,673.11551024,3.65325328995,114,183,0.511660636363,1
491,1200x900,1000,0,600,400,1001.8276071,787.924142215,5.84822501931,1015.79366346,619.795761684,3.57655294146,108,198,0.434960287874,1
492,1200x900,1000,0,600,400,1010.83888808,150.92091417,0.396817459596,999.217962678,305.128453632,2.74477519399,76,692,5.88636784758,1
493,1200x900,1000,0,600,400,1018.04704943,18.2659388129,0.414428839728,996.261803743,178.930146251,2.72716381386,80,582,5.86875646745,1
494,1200x900,1000,0,600,400,1004.74115664,55.2024138179,0.472209859617,1018.45586222,236.68972588,2.66938279397,127,692,5.81097544756,1
495,1200x900,1000,0,600,400,1006.68483771,124.159308944,0.417635693867,1007.96450836,285.993905895,2.72395695972,93,692,5.86554961331,1
496,1200x900,1000,0,600,400,1022.64075968,88.796533089,0.403894526381,990.45695023,245.604521159,2.73769812721,70,639,5.8792907808,1
497,1200x900,1000,0,600,400,1015.66593213,78.4671488207,0.456818299158,1004.35793021,254.464011407,2.68477435443,106,696,5.82636700802,1
498,1200x900,1000,0,600,400,1025.13941749,883.334655606,5.82174410339,996.307159219,705.684278758,3.60303385738,100,260,0.46144120379,1
499,1200x900,1000,0,600,400,1006.24509047,840.22662462,5.86446631345,1007.52414522,677.997036603,3.56031164732,93,271,0.418718993727,1
500,1200x900,1000,0,600,400,1033.13123593,51.6383920928,0.481507092742,992.184269642,236.421450346,2.66008556085,105,700,5.80167821444,1
501,1200x900,1000,0,600,400,1001.69265913,883.619162658,5.8711858661,1013.23831626,723.842701301,3.55359209467,96,323,0.411999441084,1
502,1200x900,1000,0,600,400,1012.42946755,19.493697843,0.458389569399,1008.66304917,196.052993958,2.68320308419,111,639,5.82479573778,1
503,1200x900,1000,0,600,400,1032.41790533,885.326862295,5.8352664706,988.251736417,712.523706541,3.58951149017,86,279,0.447918836582,1
504,1200x900,1000,0,600,400,1026.32128276,60.0559802853,0.473932183869,997.67034847,242.155025904,2.66766046972,107,699,5.80925312331,1
505,1200x900,1000,1,600,400,1145.6796766,474.652468445,5.55209618494,936.19210564,208.247819135,3.87268177583,191,484,5.55209618494,1
506,1200x900,1000,1,600,400,1113.07645868,663.681992766,5.24154766464,1064.31207648,319.252393536,4.18323029613,559,567,5.24154766464,1
507,1200x900,1000,1,600,400,520.429984501,68.8959830982,5.81762815406,876.965047604,133.630351975,0.465557153124,608,583,5.81762815406,1
508,1200x900,1000,1,600,400,383.320355135,437.920903585,0.0336342671909,782.094689257,451.338446063,0.0336342671909,596,485,6.24955103999,0
509,1200x900,1000,1,600,400,475.511276254,547.845212532,6.20177740966,873.189870736,515.39932696,6.20177740966,509,434,0.0814078975181,0
510,1200x900,1000,1,600,400,1139.1251542,864.053803158,5.28128745972,1025.24305457,527.898345983,4.14349050105,486,338,5.28128745972,1
511,1200x900,1000,1,600,400,639.662003628,66.1942040212,5.96882200854,1019.10838888,80.4797538438,0.314363298638,408,390,5.96882200854,1
512,1200x900,1000,1,600,400,1106.45491798,505.890486566,2.3337221386,830.730266357,794.294571985,2.3337221386,139,261,0.807870514991,0
513,1200x900,1000,1,600,400,566.768098422,781.53601054,4.47313573082,472.214190372,393.901442329,4.47313573082,235,602,4.95164222994,0
514,1200x900,1000,1,600,400,525.864756292,205.589299039,0.353312554268,900.219201981,343.646348813,0.353312554268,539,690,5.92987275291,0
515,1200x900,1000,1,600,400,680.216036373,360.781695669,6.18030269282,1077.10622431,319.803912404,6.18030269282,307,217,0.102882614364,0
516,1200x900,1000,1,600,400,566.315194985,285.330440355,0.196745091388,957.617701188,363.326264854,0.196745091388,440,559,6.08644021579,0
517,1200x900,1000,1,600,400,433.301064819,240.732229429,6.24122139962,831.949802948,223.993544042,6.24122139962,548,182,0.0419639075588,0
518,1200x900,1000,1,600,400,471.778296557,262.198723455,0.330861638672,849.137647524,391.817087271,0.330861638672,583,717,5.95232366851,0
519,1200x900,1000,1,600,400,1173.19190063,129.27160566,0.885474414511,952.555196008,438.18352702,2.25611823908,319,565,0.885474414511,1
520,1200x900,1000,1,600,400,514.54777876,776.163810498,5.9055876439,885.439438058,629.057124506,5.9055876439,564,260,0.377597663277,0
521,1200x900,1000,1,600,400,1065.7331358,437.804107182,5.74547161971,970.740796095,233.446817039,3.67930634106,111,303,5.74547161971,1
522,1200x900,1000,1,600,400,807.101886993,127.078554434,2.00117572629,640.6328492,489.692756385,2.00117572629,223,379,1.1404169273,0
523,1200x900,1000,1,600,400,698.645806099,716.921157264,5.99423763136,1081.10496557,603.228627444,5.99423763136,339,318,0.288947675819,0
524,1200x900,1000,1,600,400,1088.95534869,22.7117457042,1.97838498298,930.793074311,389.02540224,1.97838498298,534,470,1.16320767061,0
525,1200x900,1000,1,600,400,991.551130745,430.870395153,4.04314443931,744.014058483,117.938457097,4.04314443931,123,690,5.38163352146,0
526,1200x900,1000,1,600,400,491.436995677,870.659364751,6.16817523996,887.801053682,824.871445797,6.16817523996,497,710,0.115010067216,0
527,1200x900,1000,1,600,400,441.470631771,876.881345244,6.08482903162,832.646964497,798.25516185,6.08482903162,565,601,0.198356275558,0
528,1200x900,1000,1,600,400,1166.59153508,202.71141524,1.30102823841,1105.77442777,587.280673939,1.84056441518,839,227,1.30102823841,1
529,1200x900,1000,1,600,400,1124.28007033,602.51081095,5.49546684332,973.169643187,319.721325946,3.92931111745,267,412,5.49546684332,1
530,1200x900,1000,1,600,400,984.69858098,818.161152041,1.8610687602,870.499485401,578.044768225,4.42211654698,584,405,5.00266141379,1
531,1200x900,1000,1,600,400,770.150215142,110.958168548,0.180290725082,1162.68306467,182.505090512,0.180290725082,233,362,6.1028945821,0
532,1200x900,1000,1,600,400,765.655686671,288.884747098,6.22466280237,1163.97261739,265.547594175,6.22466280237,215,207,0.0585225048106,0
533,1200x900,1000,1,600,400,660.623951179,796.739902017,6.05716592887,1049.47585335,707.324029942,6.05716592887,355,483,0.226019378312,0
534,1200x900,1000,1,600,400,865.491564326,41.2093112411,4.31834831865,712.306468493,350.167340887,1.96483698853,328,504,1.17675566506,1
535,1200x900,1000,1,600,400,655.907952042,773.663482512,6.02041202664,1041.21160124,670.019389996,6.02041202664,372,410,0.262773280542,0
536,1200x900,1000,1,600,400,404.168563497,325.313768254,6.20287488429,801.882527016,293.304344302,6.20287488429,580,213,0.0803104228912,0
537,1200x900,1000,1,600,400,1155.67372716,103.60644303,1.126216478,1051.50868797,463.820228835,2.01537617559,621,412,1.126216478,1
538,1200x900,1000,1,600,400,751.605672238,855.685430856,0.339145550546,1127.87834065,790.014115727,5.94403975663,308,457,0.339145550546,1
539,1200x900,1000,1,600,400,473.703424353,277.538235182,0.0754012587942,871.569734333,307.594838155,0.0754012587942,510,383,6.20778404839,0
540,1200x900,1000,1,600,400,631.048511603,877.013047342,0.240150399566,1018.59809479,806.08656126,6.04303490761,389,568,0.240150399566,1
541,1200x900,1000,1,600,400,641.112095402,416.923654042,0.0436398115967,1039.73222128,434.33041264,0.0436398115967,339,478,6.23954549558,0
542,1200x900,1000,1,600,400,1029.68592019,820.033463212,4.16747201231,822.865432937,478.820500311,4.16747201231,304,401,5.25730594846,0
543,1200x900,1000,1,600,400,656.107137679,296.686875743,1.98864024528,494.19660344,661.35930259,1.98864024528,88,202,1.15295240831,0
544,1200x900,1000,1,600,400,444.763306227,190.575389199,0.311757472852,824.529897119,312.961403277,0.311757472852,602,620,5.97142783433,0
545,1200x900,1000,1,600,400,623.790244998,506.413062863,0.0397153948733,1022.4756125,522.255339947,0.0397153948733,358,562,6.24346991231,0
546,1200x900,1000,1,600,400,674.489821449,339.818335099,0.0244179013207,1073.37087869,349.560109596,0.0244179013207,305,374,6.25876740586,0
547,1200x900,1000,1,600,400,680.256603205,76.5817413595,5.96598289972,1059.35118403,71.7783310682,0.317202407457,369,384,5.96598289972,1
548,1200x900,1000,1,600,400,1161.46545331,584.052436738,2.42804824551,859.802799113,845.204965092,2.42804824551,103,278,0.713544408083,0
549,1200x900,1000,1,600,400,327.568213182,473.100157441,6.20661038101,725.398972687,442.57661257,6.20661038101,657,366,0.0765749261659,0
550,1200x900,1000,1,600,400,694.260326103,252.718584623,0.147882289575,1088.90537166,311.508788005,0.147882289575,301,459,6.1353030176,0
551,1200x900,1000,1,600,400,1092.93729971,389.824636685,5.66498051501,961.735143727,158.574952201,3.75979744575,146,445,5.66498051501,1
552,1200x900,1000,1,600,400,838.927961323,93.8974088457,2.00103903209,672.508492346,456.534362762,2.00103903209,255,412,1.1405536215,0
553,1200x900,1000,1,600,400,458.239176782,668.559220976,4.46542977652,360.701011399,281.664782798,4.46542977652,116,712,4.95934818425,0
554,1200x900,1000,1,600,400,655.362698025,788.721488738,1.99510147071,491.099329088,626.687900787,4.28808383647,79,309,5.1366941243,1
555,1200x900,1000,1,600,400,549.392809431,748.175419926,6.14548237309,944.615844795,693.405425247,6.14548237309,444,556,0.137702934094,0
556,1200x900,1000,1,600,400,605.382200823,87.2150898647,0.240000906803,992.945966785,182.058789253,0.240000906803,415,420,6.04318440038,0
557,1200x900,1000,1,600,400,1095.10209686,85.4613772171,4.40911711164,975.942999253,319.280673354,1.87406819554,677,505,1.26752445805,1
558,1200x900,1000,1,600,400,1140.14649867,333.844598735,5.69676637362,905.760640341,113.045257303,3.72801158715,72,464,5.69676637362,1
559,1200x900,1000,1,600,400,338.689181159,210.001741335,0.0242868580113,737.571511574,219.691245054,0.0242868580113,641,244,6.25889844917,0
560,1200x900,1000,1,600,400,611.095817129,65.0298325075,0.465142447606,967.705131363,244.001330243,0.465142447606,516,693,5.81804285957,0
561,1200x900,1000,1,600,400,817.364678889,100.890569977,2.00295491615,650.250745406,463.208018129,2.00295491615,231,406,1.13863773744,0
562,1200x900,1000,1,600,400,634.681564625,638.757166895,6.21258584032,1032.68761277,610.61137433,6.21258584032,347,540,0.0705994668563,0
563,1200x900,1000,1,600,400,780.094989778,754.429787632,6.24143761885,1178.74733781,737.777298157,6.24143761885,201,696,0.0417476883331,0
564,1200x900,1000,1,600,400,766.35529867,305.696624492,6.25339759902,1165.1782939,293.813086512,6.25339759902,215,264,0.029787708156,0
565,1200x900,1000,1,600,400,531.95218095,671.295114101,6.20503785141,929.734449409,640.146006583,6.20503785141,451,562,0.0781474557683,0
566,1200x900,1000,1,600,400,1118.62689759,639.471542878,5.39366508623,1008.41456164,329.540440798,4.03111287454,378,472,5.39366508623,1
567,1200x900,1000,1,600,400,1155.31058404,744.182403014,1.93624106843,1012.72206759,661.806697196,4.34694423875,655,297,5.07783372202,1
568,1200x900,1000,1,600,400,1165.11327348,254.745096474,0.846802600308,949.044293819,553.662465545,2.29479005328,286,475,0.846802600308,1
569,1200x900,1000,1,600,400,1174.8631222,526.721020528,4.20450340837,980.817132374,178.084886669,4.20450340837,494,720,5.2202745524,0
570,1200x900,1000,1,600,400,682.760549749,131.699952254,0.158013915583,1076.78971019,194.485465861,0.158013915583,315,352,6.1251713916,0
571,1200x900,1000,1,600,400,1044.84668935,384.150715363,0.672813038579,1021.85378109,632.802906006,2.46877961501,239,522,0.672813038579,1
572,1200x900,1000,1,600,400,719.914036642,604.848879177,6.03430323783,1106.62020691,506.566948611,6.03430323783,302,260,0.248882069345,0
573,1200x900,1000,1,600,400,505.424617268,428.132099841,0.133876623999,900.854325948,481.389451386,0.133876623999,486,615,6.14930868318,0
574,1200x900,1000,1,600,400,524.721239303,843.955911425,5.80039290056,878.11633373,658.718476669,5.80039290056,614,194,0.482792406618,0
575,1200x900,1000,1,600,400,720.831014599,490.523328636,0.145135184076,1115.63607374,548.229179975,0.145135184076,272,693,6.1380501231,0
576,1200x900,1000,1,600,400,605.428129218,767.159772146,6.24449009986,1004.12945133,751.724237084,6.24449009986,376,713,0.0386952073217,0
577,1200x900,1000,2,600,400,790.524956155,424.929901582,5.65596916347,1113.58107948,190.759576429,5.65596916347,455,420,5.65596916347,0
578,1200x900,1000,2,600,400,900.420357135,200.43272748,1.19613450743,1046.4375307,571.754670036,1.19613450743,966,276,1.19613450743,0
579,1200x900,1000,2,600,400,865.552929572,179.310858368,1.03824288551,1068.13912193,523.054708734,1.03824288551,803,394,1.03824288551,0
580,1200x900,1000,2,600,400,526.0266178,475.315317293,5.74440215012,868.501751713,270.591643402,5.74440215012,651,267,5.74440215012,0
581,1200x900,1000,2,600,400,825.368255619,307.034540672,5.80793711189,1180.15075043,124.468439283,5.80793711189,310,357,5.80793711189,0
582,1200x900,1000,2,600,400,609.941637444,369.194392045,5.76487792943,956.536565083,171.525587894,5.76487792943,554,347,5.76487792943,0
583,1200x900,1000,2,600,400,1030.39201307,697.318854873,1.28180446244,1144.10144308,698.660799207,5.00138084474,949,284,5.00138084474,1
584,1200x900,1000,2,600,400,617.755934966,559.10917904,5.53857356031,911.161012554,288.712321726,5.53857356031,731,413,5.53857356031,0
585,1200x900,1000,2,600,400,830.613665457,45.0542820985,5.36492762579,1072.8886312,295.33591969,0.918257681388,698,688,0.918257681388,1
586,1200x900,1000,2,600,400,551.774115839,563.165921691,0.748792563986,844.046152666,834.787085242,0.748792563986,802,262,0.748792563986,0
587,1200x900,1000,2,600,400,965.432173922,565.636222818,5.21300511284,1156.93866963,215.598707542,5.21300511284,741,686,5.21300511284,0
588,1200x900,1000,2,600,400,926.834217393,771.923404299,5.38076716219,1174.1000853,458.777127671,5.38076716219,585,350,5.38076716219,0
589,1200x900,1000,2,600,400,628.796146347,284.455757043,0.877688540747,883.729604186,591.392121904,0.877688540747,856,418,0.877688540747,0
590,1200x900,1000,2,600,400,657.725548137,627.738043144,5.60054916875,967.314609084,376.032633305,5.60054916875,636,278,5.60054916875,0
591,1200x900,1000,2,600,400,452.449286031,360.219765452,5.78190251277,802.359053437,168.47995562,5.78190251277,698,336,5.78190251277,0
592,1200x900,1000,2,600,400,614.272601686,212.999987735,5.85510992238,977.269387942,47.3668595029,5.85510992238,492,392,5.85510992238,0
593,1200x900,1000,2,600,400,791.242221538,663.623781753,0.286432341629,1173.98614552,776.353940327,0.286432341629,246,719,0.286432341629,0
594,1200x900,1000,2,600,400,592.005207993,510.951743001,0.46695833938,948.288941582,690.570509225,0.46695833938,537,637,0.46695833938,0
595,1200x900,1000,2,600,400,982.091441253,589.306568966,5.24372049496,1184.25745269,245.315429806,5.24372049496,687,640,5.24372049496,0
596,1200x900,1000,2,600,400,655.074479303,305.523422393,0.756114351756,945.349947277,579.277240069,0.756114351756,706,513,0.756114351756,0
597,1200x900,1000,2,600,400,788.10548898,435.888591,5.79878488909,1141.20226273,250.083132606,5.79878488909,352,239,5.79878488909,0
598,1200x900,1000,2,600,400,373.061386533,701.002839831,0.379207806587,743.715702307,848.706523597,0.379207806587,706,559,0.379207806587,0
599,1200x900,1000,2,600,400,813.692084115,578.813255294,0.466380038653,1170.07963178,758.225952352,0.466380038653,316,570,0.466380038653,0
600,1200x900,1000,2,600,400,857.35541687,395.429019709,0.999500466715,1073.10372677,731.068211067,0.999500466715,765,207,0.999500466715,0
601,1200x900,1000,2,600,400,915.496663141,522.391454171,5.25908032251,1122.92226393,181.546005121,5.25908032251,735,697,5.25908032251,0
602,1200x900,1000,2,600,400,662.265604183,680.872752974,5.36649063425,905.035784048,364.228410267,5.36649063425,865,452,5.36649063425,0
603,1200x900,1000,2,600,400,615.991537822,646.759192085,5.58183692262,920.81670061,389.305079415,5.58183692262,693,280,5.58183692262,0
604,1200x900,1000,2,600,400,797.760401121,267.973369933,5.64173842081,1117.45150814,29.2295823839,5.64173842081,459,593,5.64173842081,0
605,1200x900,1000,2,600,400,746.252442753,303.044589149,0.6183422492,1071.37382196,534.338966038,0.6183422492,493,665,0.6183422492,0
606,1200x900,1000,2,600,400,665.719942127,237.399715281,0.711873381971,967.818567639,498.047793086,0.711873381971,653,627,0.711873381971,0
607,1200x900,1000,2,600,400,839.946229136,62.2503685077,5.18626166662,1022.02415144,315.133722637,1.09692364056,900,573,1.09692364056,1
608,1200x900,1000,2,600,400,622.299095949,564.545799684,0.760369008321,911.407211666,839.532158303,0.760369008321,742,250,0.760369008321,0
609,1200x900,1000,2,600,400,435.041291925,516.412451316,0.471217994813,790.556681455,697.547229333,0.471217994813,697,627,0.471217994813,0
610,1200x900,1000,2,600,400,767.519670509,793.038548341,5.41996911575,1026.86836627,489.823683921,5.41996911575,702,293,5.41996911575,0
611,1200x900,1000,2,600,400,821.500194739,317.543691379,5.66964848138,1147.72928322,87.8143248923,5.66964848138,414,511,5.66964848138,0
612,1200x900,1000,2,600,400,732.343022487,861.520915445,5.44931660453,1000.47735851,566.046757786,5.44931660453,706,198,5.44931660453,0
613,1200x900,1000,2,600,400,519.086602072,636.60671377,0.580531562571,852.718919945,855.445641911,0.580531562571,690,374,0.580531562571,0
614,1200x900,1000,2,600,400,639.76208686,518.539539555,5.42580576245,900.876113085,216.843557963,5.42580576245,823,563,5.42580576245,0
615,1200x900,1000,2,600,400,534.405627228,288.093357979,0.658049346447,850.089123052,532.111657424,0.658049346447,736,634,0.658049346447,0
616,1200x900,1000,2,600,400,925.892408757,847.950355069,1.12859398321,1096.63687955,570.841778368,5.15459132397,854,357,5.15459132397,1
617,1200x900,1000,2,600,400,717.999233148,142.349655662,6.06809328982,1107.80497975,57.1881625156,6.06809328982,294,180,6.06809328982,0
618,1200x900,1000,2,600,400,794.105257168,609.21997555,0.363850963608,1166.98404074,751.214386585,0.363850963608,276,671,0.363850963608,0
619,1200x900,1000,2,600,400,531.435839588,599.385757145,0.728677950192,829.111938501,865.073431184,0.728677950192,803,247,0.728677950192,0
620,1200x900,1000,2,600,400,817.416950997,570.121392731,5.26020393592,1025.22539928,229.509224979,5.26020393592,832,649,5.26020393592,0
621,1200x900,1000,2,600,400,727.000684501,394.785943036,5.63151350984,1044.23398857,152.785879415,5.63151350984,540,478,5.63151350984,0
622,1200x900,1000,2,600,400,751.146398964,634.116319099,0.335673184617,1127.87771951,765.548857371,0.335673184617,307,683,0.335673184617,0
623,1200x900,1000,2,600,400,935.039692818,639.028527144,5.32780308723,1165.38107783,313.231279838,5.32780308723,636,527,5.32780308723,0
624,1200x900,1000,2,600,400,640.742700546,454.425600876,5.55522468261,938.609307434,188.951525868,5.55522468261,693,501,5.55522468261,0
625,1200x900,1000,2,600,400,808.740983888,334.737197476,5.88791807987,1176.97557025,181.100322321,5.88791807987,279,228,5.88791807987,0
626,1200x900,1000,2,600,400,826.245491752,252.311236052,5.77744513948,1175.29713005,59.0136576891,5.77744513948,329,449,5.77744513948,0
627,1200x900,1000,2,600,400,601.411374218,305.935585911,0.758107644483,891.140594397,580.267463342,0.758107644483,760,510,0.758107644483,0
628,1200x900,1000,2,600,400,449.456838929,392.83944096,5.69222225047,780.788229094,170.532198858,5.69222225047,768,410,5.69222225047,0
629,1200x900,1000,2,600,400,825.775745552,427.844324879,0.898276231657,1074.33651352,739.963764562,0.898276231657,681,257,0.898276231657,0
630,1200x900,1000,2,600,400,575.793842964,291.74487024,0.724598869341,874.551223877,556.216092398,0.724598869341,754,559,0.724598869341,0
631,1200x900,1000,2,600,400,834.352062738,184.504724089,0.9219717154,1075.44792449,502.425760584,0.9219717154,699,479,0.9219717154,0
632,1200x900,1000,2,600,400,1017.20903738,205.429129041,1.29786659847,1124.76103344,589.660267998,1.29786659847,984,227,1.29786659847,0
633,1200x900,1000,2,600,400,892.218487709,472.140215014,0.851913561412,1154.97767029,772.404451931,0.851913561412,564,253,0.851913561412,0
634,1200x900,1000,2,600,400,551.467367746,589.665096398,0.67560968201,862.817368891,839.188996631,0.67560968201,735,313,0.67560968201,0
635,1200x900,1000,2,600,400,852.414791141,837.410527955,5.2305406624,1050.02962954,490.784828326,5.2305406624,833,402,5.2305406624,0
636,1200x900,1000,2,600,400,529.112797072,616.584020066,0.426400521444,892.386486921,781.608946253,0.426400521444,575,583,0.426400521444,0
637,1200x900,1000,2,600,400,742.918348178,234.398182068,0.886290365653,995.202194325,543.5160576,0.886290365653,750,460,0.886290365653,0
638,1200x900,1000,2,600,400,831.469903366,605.083189765,5.69237067069,1162.83428477,382.825126388,5.69237067069,385,198,5.69237067069,0
639,1200x900,1000,2,600,400,626.388573,690.108339793,0.468946314893,982.31452509,870.435033957,0.468946314893,504,456,0.468946314893,0
640,1200x900,1000,2,600,400,813.703616403,404.012509809,5.74765722483,1156.84332564,200.404700671,5.74765722483,361,334,5.74765722483,0
641,1200x900,1000,2,600,400,1046.65677776,176.190409564,1.25481525313,1170.64567795,555.436705039,1.25481525313,897,272,1.25481525313,0
642,1200x900,1000,2,600,400,469.900625816,641.279994208,0.62700783954,793.005520788,875.383020343,0.62700783954,776,316,0.62700783954,0
643,1200x900,1000,2,600,400,750.667765172,779.243891678,5.40037940656,1004.02718802,471.006965182,5.40037940656,740,325,5.40037940656,0
644,1200x900,1000,2,600,400,795.668257843,413.893313781,0.679118080221,1106.1409154,664.508015884,0.679118080221,495,486,0.679118080221,0
645,1200x900,1000,2,600,400,711.225620096,555.659866197,5.55831373179,1009.910867,291.107180929,5.55831373179,619,396,5.55831373179,0
646,1200x900,1000,2,600,400,862.012183067,763.546523861,1.0572689247,1058.02202003,667.21203435,5.22591638248,829,227,5.22591638248,1
647,1200x900,1000,2,600,400,644.608165177,381.306762891,0.574679206271,979.51548567,598.189419367,0.574679206271,560,637,0.574679206271,0
648,1200x900,1000,2,600,400,806.805488007,592.533323604,5.52391036933,1096.21428509,317.863434152,5.52391036933,557,394,5.52391036933,0
